name,position,college,conference,height,weight,forty,vertical,broad_jump,cone,shuttle,age,years_since_first_played,played_at_18,played_at_19,played_at_20,played_at_21,played_at_22,played_at_23,Y0_passing_ATT,Y0_passing_COMPLETIONS,Y0_passing_INT,Y0_passing_PCT,Y0_passing_TD,Y0_passing_YDS,Y0_passing_YPA,Y0_rushing_CAR,Y0_rushing_TD,Y0_rushing_YDS,Y0_rushing_YPC,Y1_rushing_CAR,Y1_rushing_TD,Y1_rushing_YDS,Y1_rushing_YPC,Y2_rushing_CAR,Y2_rushing_TD,Y2_rushing_YDS,Y2_rushing_YPC,Y1_passing_ATT,Y1_passing_COMPLETIONS,Y1_passing_INT,Y1_passing_PCT,Y1_passing_TD,Y1_passing_YDS,Y1_passing_YPA,Y2_passing_ATT,Y2_passing_COMPLETIONS,Y2_passing_INT,Y2_passing_PCT,Y2_passing_TD,Y2_passing_YDS,Y2_passing_YPA,Y3_rushing_CAR,Y3_rushing_TD,Y3_rushing_YDS,Y3_rushing_YPC,Y3_passing_ATT,Y3_passing_COMPLETIONS,Y3_passing_INT,Y3_passing_PCT,Y3_passing_TD,Y3_passing_YDS,Y3_passing_YPA,draft_year,conference_prestige
Patrick Mahomes,Quarterback,Texas Tech,Big 12,0.5,0.7142857142857143,0.35247271276831643,0.38095238095238093,0.5806451612903226,0.1710526315789473,0.0,0.0,3,1,1,1,0,0,0,0.819047619047619,0.7698412698412699,0.4666666666666667,0.5165289256198348,0.5882352941176471,0.809850374064838,0.40384615384615385,0.5142857142857142,0.6,0.2958801498127341,0.5614035087719298,0.5,0.47619047619047616,0.3498542274052478,0.5657894736842105,0.27607361963190186,0.0,0.23707664884135474,0.458128078817734,0.9035369774919614,0.8183908045977012,0.17582417582417575,0.30624999999999997,0.7954545454545454,1.0,0.19642857142857134,0.2846034214618974,0.234375,0.6923076923076923,0.7226463104325699,0.42105263157894735,0.33880858519491897,0.7850467289719627,,,,,,,,,,,,2017,0.9
Deshaun Watson,Quarterback,Clemson,ACC,0.625,0.6190476190476191,0.7703688745506139,0.6190476190476191,0.7419354838709677,0.2631578947368424,0.34328358208955156,0.0,3,1,1,1,0,0,0,0.7942857142857143,0.7671957671957672,0.0,0.5702479338842976,0.5882352941176471,0.7144638403990025,0.2884615384615385,0.6761904761904762,0.45,0.4799357945425361,0.7017543859649122,0.7945736434108527,0.5714285714285714,0.7282798833819242,0.6842105263157894,0.3803680981595092,0.3125,0.3226381461675579,0.5024630541871921,0.7717041800643086,0.7471264367816092,0.2857142857142857,0.4406250000000001,0.7727272727272727,0.8791547435615232,0.2232142857142857,0.2099533437013997,0.20758928571428573,0.8461538461538461,0.8638676844783715,0.3684210526315789,0.3210687691633815,1.0,,,,,,,,,,,,2017,0.9
DeShone Kizer,Quarterback,Notre Dame,FBS Independents,0.75,0.9047619047619048,0.27392683793311706,0.42857142857142855,0.3548387096774194,0.8552631578947375,0.6716417910447765,0.0,2,0,1,1,0,0,0,0.38095238095238093,0.30423280423280424,0.5333333333333333,0.22727272727272702,0.29411764705882354,0.36783042394014964,0.3269230769230768,0.5047619047619047,0.4,0.39593365436062067,0.6929824561403509,0.5116279069767442,0.47619047619047616,0.3871720116618076,0.5921052631578948,,,,,0.5209003215434084,0.4666666666666667,0.4505494505494505,0.29062499999999997,0.45454545454545453,0.6106097292537971,0.2410714285714285,,,,,,,,,,,,,,,,,,,2017,0.9
Davis Webb,Quarterback,California,Pac-12,0.875,0.8095238095238095,0.3819277808088326,0.6666666666666666,0.7096774193548387,0.22368421052631576,0.19402985074626852,0.25,4,1,1,1,1,0,0,0.8742857142857143,0.753968253968254,0.33333333333333337,0.34710743801652877,0.5098039215686274,0.6525353283458022,0.09615384615384617,0.047619047619047616,0.3,0.08453718566078117,0.07894736842105265,0.0,0.09523809523809523,0.08746355685131195,0.5328947368421053,0.09815950920245399,0.0625,0.1586452762923351,0.3891625615763547,0.04823151125401929,0.03218390804597701,1.0,0.0,0.022727272727272728,0.04182258419546555,0.12499999999999994,0.5334370139968896,0.47098214285714285,0.0,0.7786259541984732,0.631578947368421,0.5560665790626369,0.691588785046729,0.12169312169312169,0.0,0.10472659870250231,0.23255813953488372,0.9445910290237467,0.9411764705882353,0.4,0.6467991169977925,0.8695652173913043,0.9775687409551375,0.5588235294117647,2017,0.9
C.J. Beathard,Quarterback,Iowa,Big Ten,0.625,0.5714285714285714,,0.47619047619047616,0.5483870967741935,,,0.5,4,0,1,1,1,1,0,0.26666666666666666,0.1931216931216931,0.4666666666666667,0.13636363636363602,0.11764705882352941,0.16084788029925187,0.0,0.2857142857142857,0.1,0.13643659711075443,0.3508771929824561,0.3798449612403101,0.2857142857142857,0.22215743440233235,0.493421052631579,0.1656441717791411,0.0,0.28342245989304815,0.6206896551724137,0.5643086816720257,0.4942528735632184,0.7252747252747253,0.2468749999999999,0.36363636363636365,0.5941008144397975,0.16964285714285707,0.13996889580093314,0.11607142857142858,0.8461538461538461,0.7188295165394402,0.13157894736842105,0.14126149802890933,0.6542056074766356,0.0582010582010582,0.15384615384615385,0.16126042632066728,0.5658914728682171,0.0633245382585752,0.029411764705882353,0.8666666666666667,0.0,0.043478260869565216,0.05897250361794501,0.47058823529411764,2017,1.0
Joshua Dobbs,Quarterback,Tennessee,SEC,0.625,0.5,0.8109848608853132,0.6666666666666666,0.8387096774193549,0.0,0.34328358208955156,0.25,4,1,1,1,1,0,0,0.37333333333333335,0.3386243386243386,0.33333333333333337,0.40495867768595034,0.3137254901960784,0.3721945137157107,0.36538461538461553,0.6047619047619047,0.6,0.5880149812734082,0.850877192982456,0.5581395348837209,0.5238095238095238,0.4752186588921283,0.638157894736842,0.6319018404907976,0.5,0.5623885918003565,0.5665024630541872,0.5353697749196141,0.4528735632183908,0.7252747252747253,0.18437499999999984,0.3181818181818182,0.4800792427911072,0.07142857142857141,0.27216174183514774,0.25,0.5384615384615384,0.8053435114503816,0.23684210526315788,0.26412614980289095,0.6355140186915889,0.19047619047619047,0.07692307692307693,0.29101019462465244,0.6589147286821705,0.3113456464379947,0.29411764705882354,0.6,0.5783664459161146,0.08695652173913043,0.24565846599131694,0.3823529411764707,2017,1.0
Nathan Peterman,Quarterback,Pittsburgh,ACC,0.625,0.7380952380952381,0.2983986814779202,0.47619047619047616,0.45161290322580644,0.5131578947368418,0.34328358208955156,0.5,4,0,1,1,1,1,0,0.2761904761904762,0.2328042328042328,0.6666666666666667,0.3016528925619833,0.3137254901960784,0.35328345802161265,0.5576923076923078,0.23333333333333334,0.15,0.29641519529159976,0.719298245614035,0.32558139534883723,0.047619047619047616,0.21982507288629738,0.5131578947368421,0.049079754601226995,0.0625,0.15597147950089127,0.41379310344827586,0.4871382636655949,0.42528735632183906,0.5604395604395604,0.2437499999999999,0.4318181818181818,0.47919876733436056,0.12499999999999994,0.027993779160186624,0.022321428571428572,1.0,0.6361323155216285,0.0,0.01073149364870784,0.23364485981308414,0.021164021164021163,0.0,0.1102873030583874,0.19379844961240308,0.052770448548812667,0.03361344537815126,0.8666666666666667,0.22516556291390724,0.0,0.010492040520984082,0.019607843137254898,2017,0.9
Brad Kaaya,Quarterback,Miami,ACC,0.75,0.4523809523809524,,,,,,0.25,3,0,1,1,1,0,0,0.49523809523809526,0.43386243386243384,0.6666666666666667,0.36363636363636354,0.3137254901960784,0.49397339983374894,0.3846153846153847,0.06666666666666667,0.05,0.07062600321027288,0.043859649122807015,0.10852713178294573,0.09523809523809523,0.014577259475218658,0.07236842105263155,0.15950920245398773,0.0625,0.027629233511586453,0.10344827586206895,0.6093247588424437,0.5310344827586206,0.7252747252747253,0.2374999999999999,0.3409090909090909,0.6894122826326217,0.2142857142857143,0.5847589424572317,0.49330357142857145,0.07692307692307687,0.7442748091603053,0.6842105263157895,0.7003942181340341,0.7943925233644861,,,,,,,,,,,,2017,0.9
Chad Kelly,Quarterback,Ole Miss,SEC,0.5,0.7857142857142857,,,,,,0.5,4,0,1,1,1,1,0,0.3180952380952381,0.2857142857142857,0.6,0.3842975206611569,0.1568627450980392,0.3331255195344971,0.3846153846153847,0.2761904761904762,0.25,0.32102728731942215,0.7280701754385965,0.4069767441860465,0.47619047619047616,0.37551020408163266,0.6447368421052633,,,,,0.7186495176848875,0.6666666666666666,0.2857142857142857,0.35625,0.6818181818181818,0.8655073739819502,0.25892857142857145,,,,,,,,0.07407407407407407,0.07692307692307693,0.2242817423540315,0.8372093023255814,0.036939313984168866,0.03361344537815126,1.0,0.5629139072847681,0.0,0.015195369030390739,0.1568627450980392,2017,1.0
Baker Mayfield,Quarterback,Oklahoma,Big 12,0.375,0.47619047619047616,0.2511668862534227,0.2857142857142857,0.4838709677419355,0.3289473684210527,0.29850746268656747,0.5,3,0,0,1,1,1,0,0.46285714285714286,0.4973544973544973,0.7333333333333334,0.714876033057851,0.6274509803921569,0.7215295095594347,0.9807692307692308,0.3523809523809524,0.25,0.3097913322632424,0.6491228070175439,0.29457364341085274,0.2857142857142857,0.18717201166180758,0.4868421052631579,0.8588957055214724,0.4375,0.5053475935828877,0.4876847290640394,0.5578778135048231,0.5655172413793104,0.5604395604395604,0.5374999999999999,0.8863636363636364,0.8485582214395774,0.4642857142857142,0.6111975116640747,0.6004464285714286,0.46153846153846156,0.8664122137404581,0.9473684210526315,0.8103372755146737,0.8785046728971964,,,,,,,,,,,,2018,0.9
Sam Darnold,Quarterback,USC,Pac-12,0.625,0.6190476190476191,0.23006764255276294,0.047619047619047616,0.2903225806451613,0.27631578947368424,0.47761194029850795,0.0,2,0,1,1,0,0,0,0.6076190476190476,0.544973544973545,0.2666666666666667,0.409090909090909,0.29411764705882354,0.6209476309226932,0.423076923076923,0.24761904761904763,0.25,0.18726591760299627,0.46491228070175444,0.23255813953488372,0.09523809523809523,0.22973760932944606,0.5986842105263158,,,,,0.5707395498392283,0.5471264367816092,0.5054945054945055,0.4218750000000001,0.6818181818181818,0.6550737398195026,0.2232142857142857,,,,,,,,,,,,,,,,,,,2018,0.9
Josh Allen,Quarterback,Wyoming,Mountain West,0.875,1.0,0.5107678804020183,0.7142857142857143,0.7419354838709677,0.1973684210526321,0.47761194029850795,0.25,3,0,1,1,1,0,0,0.20761904761904762,0.1455026455026455,0.7333333333333334,0.12809917355371866,0.09803921568627451,0.13653366583541146,0.05769230769230767,0.32857142857142857,0.25,0.2525414660246121,0.5614035087719298,0.5465116279069767,0.3333333333333333,0.3825072886297376,0.5723684210526315,0.012269938650306749,0.0,0.1800356506238859,1.0,0.5819935691318328,0.46206896551724136,0.17582417582417575,0.07187500000000008,0.6136363636363636,0.6808276469293418,0.2410714285714285,0.006220839813374806,0.008928571428571428,1.0,0.8486005089058525,0.0,0.011169513797634692,0.7943925233644861,,,,,,,,,,,,2018,0.55
Josh Rosen,Quarterback,UCLA,Pac-12,0.75,0.7380952380952381,0.1210589449012733,0.47619047619047616,0.4838709677419355,0.4473684210526315,0.29850746268656747,0.0,3,1,1,1,0,0,0,0.5523809523809524,0.4894179894179894,0.4666666666666667,0.3842975206611569,0.29411764705882354,0.5324189526184538,0.346153846153846,0.12857142857142856,0.1,0.09149277688603531,0.2017543859649123,0.07751937984496124,0.09523809523809523,0.04198250728862974,0.11842105263157894,0.22085889570552147,0.125,0.15775401069518716,0.3645320197044335,0.3536977491961415,0.296551724137931,0.7252747252747253,0.17499999999999982,0.20454545454545456,0.3973145498569227,0.2142857142857143,0.7542768273716952,0.6517857142857143,0.15384615384615385,0.7633587786259541,0.6052631578947368,0.803766973280771,0.7009345794392524,,,,,,,,,,,,2018,0.9
Lamar Jackson,Quarterback,Louisville,ACC,0.5,0.5,,,,,,0.0,3,1,1,1,0,0,0,0.5123809523809524,0.41534391534391535,0.4666666666666667,0.24380165289256175,0.3137254901960784,0.520573566084788,0.40384615384615385,0.9952380952380953,0.9,1.0,0.9736842105263159,1.0,1.0,1.0,0.7302631578947368,0.9938650306748467,0.6875,1.0,0.6354679802955665,0.639871382636656,0.5103448275862069,0.5054945054945055,0.07812500000000008,0.6590909090909091,0.7556680607528066,0.2499999999999999,0.3810264385692068,0.3013392857142857,0.3846153846153846,0.6959287531806616,0.3157894736842105,0.4029785370127026,0.691588785046729,,,,,,,,,,,,2018,0.9
Mason Rudolph,Quarterback,Oklahoma State,Big 12,0.875,0.9523809523809523,0.14631733681666265,0.0,,,,0.5,4,0,1,1,1,1,0,0.6247619047619047,0.5846560846560847,0.5333333333333333,0.48760330578512395,0.5098039215686274,0.779093931837074,0.6923076923076923,0.18095238095238095,0.5,0.16211878009630817,0.42105263157894735,0.313953488372093,0.2857142857142857,0.119533527696793,0.3815789473684211,0.4049079754601227,0.0625,0.11319073083778966,0.32019704433497537,0.702572347266881,0.6344827586206897,0.7802197802197802,0.303125,0.6136363636363636,0.8762931983270966,0.28571428571428564,0.656298600311042,0.5892857142857143,0.3076923076923077,0.7926208651399491,0.5526315789473685,0.8256679807271134,0.8317757009345795,0.06349206349206349,0.0,0.08526413345690455,0.08527131782945736,0.21899736147757257,0.19747899159663865,0.7333333333333334,0.5231788079470197,0.2608695652173913,0.302821997105644,0.7941176470588236,2018,0.9
Mike White,Quarterback,Western Kentucky,Conference USA,0.875,0.6904761904761905,0.003862580414537313,0.09523809523809523,0.0,0.8552631578947375,0.47761194029850795,0.5,4,0,1,1,1,1,0,0.76,0.716931216931217,0.6,0.5165289256198348,0.29411764705882354,0.6280133000831255,0.2115384615384615,0.19523809523809524,0.3,0.0,0.0,0.10465116279069768,0.0,0.04081632653061224,0.1644736842105263,,,,,0.6511254019292605,0.6252873563218391,0.6153846153846154,0.4250000000000001,0.8181818181818182,0.9361655293858684,0.41071428571428564,,,,,,,,0.13756613756613756,0.0,0.04355885078776645,0.05426356589147288,0.6306068601583114,0.5042016806722689,0.5333333333333333,0.3774834437086092,0.34782608695652173,0.587192474674385,0.4901960784313726,2018,0.35
Luke Falk,Quarterback,Washington State,Pac-12,0.75,0.47619047619047616,,0.047619047619047616,0.22580645161290322,,,0.5,4,0,1,1,1,1,0,0.7104761904761905,0.6878306878306878,0.2666666666666667,0.566115702479339,0.37254901960784315,0.5066500415627597,0.05769230769230767,0.20952380952380953,0.0,0.06474050294275013,0.17543859649122806,0.24806201550387597,0.0,0.044314868804664724,0.26973684210526316,0.49693251533742333,0.1875,0.04188948306595366,0.27586206896551724,1.0,1.0,0.39560439560439553,0.5093749999999998,0.8409090909090909,0.9592780101254678,0.10714285714285707,1.0,1.0,0.3846153846153846,0.8842239185750635,1.0,1.0,0.6635514018691588,0.17989417989417988,0.07692307692307693,0.05097312326227989,0.12403100775193798,0.633245382585752,0.6470588235294118,0.5333333333333333,0.6821192052980132,0.5652173913043478,0.6667872648335745,0.5784313725490197,2018,0.9
Tanner Lee,Quarterback,Nebraska,Big Ten,0.75,0.5476190476190477,0.06439796785561974,0.5714285714285714,0.6129032258064516,0.3289473684210527,0.49253731343283597,0.5,4,0,1,1,1,1,0,0.5085714285714286,0.3941798941798942,0.06666666666666665,0.17768595041322285,0.23529411764705882,0.41313383208645055,0.173076923076923,0.03333333333333333,0.1,0.09149277688603531,0.08771929824561403,,,,,0.13496932515337423,0.0,0.0,0.0,,,,,,,,0.4261275272161742,0.31919642857142855,0.46153846153846156,0.6590330788804071,0.2894736842105263,0.3589575120455541,0.5514018691588786,0.17989417989417988,0.0,0.0,0.0,0.8786279683377308,0.7689075630252101,0.06666666666666665,0.4812362030905078,0.5217391304347826,0.7040520984081042,0.3921568627450981,2018,1.0
Danny Etling,Quarterback,LSU,SEC,0.625,0.6428571428571429,0.4775576591531305,0.42857142857142855,0.5806451612903226,0.4473684210526315,0.43283582089552247,0.75,4,0,0,1,1,1,1,0.21714285714285714,0.17989417989417988,1.0,0.28099173553718987,0.09803921568627451,0.2718204488778055,0.5,0.23333333333333334,0.1,0.21187800963081863,0.5263157894736842,0.1511627906976744,0.047619047619047616,0.11078717201166181,0.40789473684210525,,,,,0.41479099678456594,0.34942528735632183,0.7252747252747253,0.18124999999999983,0.22727272727272727,0.4430992736077482,0.17857142857142855,,,,,,,,0.164021164021164,0.23076923076923078,0.11121408711770157,0.25581395348837205,0.41952506596306066,0.36554621848739494,0.6666666666666667,0.4768211920529802,0.2608695652173913,0.28364688856729375,0.30392156862745107,2018,1.0
Alex Mcgough,Quarterback,Florida International,Conference USA,0.625,0.40476190476190477,,,,,,0.25,4,1,1,1,1,0,0,0.36952380952380953,0.35714285714285715,0.6,0.5041322314049587,0.11764705882352941,0.3414380714879468,0.2884615384615385,0.2619047619047619,0.25,0.2669876939539861,0.631578947368421,0.16666666666666666,0.19047619047619047,0.1521865889212828,0.506578947368421,0.5337423312883436,0.1875,0.22905525846702318,0.3990147783251231,0.44212218649517687,0.36551724137931035,0.39560439560439553,0.1468749999999998,0.2727272727272727,0.39203169711644287,0.06249999999999993,0.6500777604976672,0.6004464285714286,0.3846153846153846,0.8142493638676844,0.5526315789473685,0.5961454226894437,0.6074766355140188,0.5026455026455027,0.3076923076923077,0.20111214087117701,0.34108527131782945,0.7150395778364116,0.5714285714285714,0.33333333333333337,0.3774834437086092,0.6086956521739131,0.6020260492040521,0.4215686274509804,2018,0.35
Logan Woodside,Quarterback,Toledo,Mid-American,0.375,0.42857142857142855,0.3819277808088326,0.5238095238095238,0.22580645161290322,0.2500000000000006,0.10447761194029895,0.5,4,0,1,1,1,1,0,0.47619047619047616,0.4417989417989418,0.6,0.45454545454545453,0.3333333333333333,0.566708229426434,0.576923076923077,0.13333333333333333,0.05,0.1615837346174425,0.4298245614035088,0.13565891472868216,0.0,0.060641399416909623,0.2631578947368421,,,,,0.6543408360128617,0.6459770114942529,0.5054945054945055,0.4812499999999998,1.0,0.8846577151661897,0.3571428571428571,,,,,,,,0.26455026455026454,0.23076923076923078,0.1881371640407785,0.38759689922480617,0.7757255936675461,0.773109243697479,0.4666666666666667,0.6467991169977925,0.8260869565217391,0.8162083936324168,0.5686274509803921,2018,0.35
Kyler Murray,Quarterback,Oklahoma,Big 12,0.0,0.2857142857142857,,,,,,0.25,4,1,1,1,1,0,0,0.4095238095238095,0.42857142857142855,0.6666666666666667,0.6487603305785121,0.6078431372549019,0.6668744804655029,1.0,0.5571428571428572,0.6,0.6789727126805778,1.0,0.046511627906976744,0.0,0.16676384839650146,1.0,,,,,0.01607717041800643,0.022988505747126436,1.0,1.0,0.045454545454545456,0.05480959718247854,1.0,,,,,,,,0.2698412698412698,0.07692307692307693,0.4263206672845227,0.7596899224806202,0.3113456464379947,0.29411764705882354,0.5333333333333333,0.5783664459161146,0.21739130434782608,0.24240231548480462,0.3823529411764707,2019,0.9
Daniel Jones,Quarterback,Duke,ACC,0.875,0.6190476190476191,0.3245942608570961,0.7142857142857143,0.7741935483870968,0.3289473684210527,0.49253731343283597,0.25,3,0,1,1,1,0,0,0.44,0.37037037037037035,0.5333333333333333,0.3016528925619833,0.21568627450980393,0.3156691604322527,0.07692307692307683,0.38571428571428573,0.15,0.314071696094168,0.6403508771929824,0.6162790697674418,0.3333333333333333,0.3860058309037901,0.5460526315789475,0.7300613496932515,0.4375,0.5285204991087344,0.522167487684729,0.7106109324758842,0.5724137931034483,0.39560439560439553,0.09374999999999975,0.29545454545454547,0.5681267884657715,0.0,0.6423017107309487,0.5870535714285714,0.3076923076923077,0.8066157760814249,0.39473684210526316,0.6121331581252738,0.6261682242990655,,,,,,,,,,,,2019,0.9
Dwayne Haskins,Quarterback,Ohio State,Big Ten,0.625,0.8571428571428571,0.02660264623557551,0.23809523809523808,,,,0.25,2,0,0,1,1,0,0,0.7047619047619048,0.7248677248677249,0.6,0.6900826446280989,0.7450980392156863,0.7472984206151289,0.48076923076923084,0.26666666666666666,0.2,0.20117710005350456,0.49122807017543857,0.08527131782945736,0.0,0.13411078717201166,0.5723684210526315,,,,,0.07395498392282958,0.0735632183908046,0.945054945054945,0.5156249999999999,0.06818181818181818,0.10015408320493066,0.3571428571428571,,,,,,,,,,,,,,,,,,,2019,1.0
Drew Lock,Quarterback,Missouri,SEC,0.75,0.7857142857142857,0.6969414999469404,0.47619047619047616,0.5161290322580645,0.36842105263157937,0.059701492537313494,0.25,4,1,1,1,1,0,0,0.5257142857142857,0.4708994708994709,0.6,0.4008264462809916,0.3333333333333333,0.4869077306733167,0.30769230769230765,0.1523809523809524,0.3,0.2370251471375067,0.6491228070175439,0.16279069767441862,0.047619047619047616,0.14868804664723032,0.5,0.3128834355828221,0.0625,0.2540106951871658,0.4630541871921182,0.6559485530546624,0.5379310344827586,0.2857142857142857,0.1281249999999998,0.9772727272727273,0.8483381025753907,0.32142857142857134,0.671850699844479,0.5290178571428571,0.23076923076923073,0.6946564885496184,0.6052631578947368,0.7444152431011827,0.7289719626168225,0.26455026455026454,0.07692307692307693,0.1417979610750695,0.31007751937984496,0.6860158311345647,0.5336134453781513,0.4666666666666667,0.34657836644591605,0.17391304347826086,0.4761215629522431,0.3235294117647059,2019,1.0
Will Grier,Quarterback,West Virginia,Big 12,0.625,0.5238095238095238,0.2511668862534227,0.7619047619047619,0.5161290322580645,0.4473684210526315,0.29850746268656747,0.75,4,0,0,1,1,1,1,0.44952380952380955,0.4470899470899471,0.6,0.5702479338842976,0.5098039215686274,0.5629675810473815,0.6346153846153845,0.12380952380952381,0.15,0.09256286784376672,0.2017543859649123,0.2364341085271318,0.09523809523809523,0.15510204081632653,0.46052631578947373,,,,,0.6061093247588425,0.5563218390804597,0.34065934065934067,0.334375,0.75,0.7440017609509135,0.27678571428571425,,,,,,,,0.17989417989417988,0.15384615384615385,0.22335495829471733,0.5193798449612403,0.41688654353562005,0.4369747899159664,0.8,0.717439293598234,0.43478260869565216,0.42981186685962375,0.5588235294117647,2019,0.9
Ryan Finley,Quarterback,NC State,ACC,0.75,0.42857142857142855,0.576770351935757,0.42857142857142855,0.6451612903225806,0.5921052631578951,0.17910447761194048,0.75,4,0,0,1,1,1,1,0.5447619047619048,0.5370370370370371,0.4666666666666667,0.5743801652892563,0.19607843137254902,0.5105985037406484,0.3269230769230768,0.08095238095238096,0.05,0.15409309791332262,0.41228070175438597,0.2596899224806202,0.14285714285714285,0.19708454810495626,0.5197368421052632,0.44785276073619634,0.0625,0.2281639928698752,0.4088669950738916,0.7508038585209004,0.696551724137931,0.6703296703296704,0.35625,0.36363636363636365,0.7492846136913933,0.13392857142857142,0.6220839813374806,0.5424107142857143,0.3846153846153846,0.7684478371501272,0.47368421052631576,0.6690757774857643,0.7102803738317757,0.10582010582010581,0.0,0.15477293790546803,0.4186046511627907,0.17678100263852242,0.18487394957983194,0.7333333333333334,0.7152317880794702,0.043478260869565216,0.16968162083936325,0.5000000000000001,2019,0.9
Jarrett Stidham,Quarterback,Auburn,SEC,0.5,0.5476190476190477,0.3245942608570961,0.47619047619047616,0.45161290322580644,0.6973684210526321,0.373134328358209,0.5,4,0,1,1,1,1,0,0.3961904761904762,0.335978835978836,0.8,0.3099173553719006,0.13725490196078433,0.3408146300914381,0.23076923076923067,0.22857142857142856,0.15,0.14071696094168004,0.35964912280701755,0.39147286821705424,0.19047619047619047,0.17317784256559768,0.4342105263157895,,,,,0.5771704180064309,0.5471264367816092,0.6703296703296704,0.4000000000000001,0.38636363636363635,0.6709222980409421,0.2321428571428571,,,,,,,,0.17989417989417988,0.15384615384615385,0.18072289156626506,0.4186046511627907,0.2796833773087071,0.3067226890756303,0.8666666666666667,0.7836644591611477,0.5217391304347826,0.4518813314037627,0.9607843137254901,2019,1.0
Clayton Thorson,Quarterback,Northwestern,Big Ten,0.75,0.6428571428571429,,,,,,0.75,4,0,0,1,1,1,1,0.6266666666666667,0.5317460317460317,0.1333333333333333,0.31404958677685935,0.11764705882352941,0.42103075644222776,0.019230769230769166,0.2619047619047619,0.45,0.08453718566078117,0.2456140350877193,0.32945736434108525,0.38095238095238093,0.09737609329446065,0.35526315789473684,0.588957055214724,0.3125,0.23172905525846701,0.3940886699507389,0.680064308681672,0.5839080459770115,0.34065934065934067,0.20937499999999987,0.3181818181818182,0.6018049746863307,0.06249999999999993,0.7402799377916018,0.625,0.3076923076923077,0.7455470737913485,0.5789473684210527,0.6968900569426194,0.6261682242990655,0.5185185185185185,0.38461538461538464,0.48378127896200185,0.5813953488372093,0.7704485488126649,0.6218487394957983,0.4,0.38631346578366443,0.30434782608695654,0.5448625180897251,0.33333333333333337,2019,1.0
Gardner Minshew,Quarterback,Washington State,Pac-12,0.375,0.7142857142857143,0.07224927914022093,0.7142857142857143,0.6451612903225806,0.5131578947368418,0.5522388059701495,0.5,3,0,0,1,1,1,0,0.9542857142857143,0.9814814814814815,0.5333333333333333,0.7231404958677683,0.5294117647058824,0.7524937655860349,0.15384615384615383,0.16666666666666666,0.2,0.20706260032102727,0.5526315789473685,0.06201550387596899,0.0,0.060641399416909623,0.1907894736842105,0.1165644171779141,0.0,0.11229946524064172,0.2561576354679803,0.47106109324758844,0.3816091954022989,0.6153846153846154,0.10937499999999976,0.3409090909090909,0.44684129429892144,0.09821428571428567,0.3110419906687403,0.265625,0.6923076923076923,0.7493638676844783,0.21052631578947367,0.29500657030223393,0.6261682242990655,,,,,,,,,,,,2019,0.9
Trace McSorley,Quarterback,Penn State,Big Ten,0.25,0.16666666666666666,0.9117237198137006,0.6666666666666666,0.6129032258064516,0.4473684210526315,0.059701492537313494,0.75,4,0,0,1,1,1,1,0.38095238095238093,0.25132275132275134,0.6666666666666667,0.0,0.13725490196078433,0.2822111388196176,0.11538461538461534,0.6952380952380952,0.6,0.5708935259497058,0.7807017543859649,0.5503875968992248,0.5238095238095238,0.37026239067055394,0.5592105263157895,0.8895705521472392,0.4375,0.4696969696969697,0.46798029556650245,0.6688102893890675,0.6344827586206897,0.4505494505494505,0.4000000000000001,0.6136363636363636,0.7616112700858464,0.2232142857142857,0.5987558320373251,0.5,0.3846153846153846,0.7366412213740458,0.7631578947368421,0.7915024091108191,0.869158878504673,0.0582010582010582,0.0,0.1556997219647822,0.5271317829457364,0.09762532981530343,0.07563025210084033,1.0,0.368653421633554,0.08695652173913043,0.06114327062228654,0.27450980392156865,2019,1.0
Joe Burrow,Quarterback,LSU,SEC,0.75,0.6190476190476191,,,,,,0.5,4,0,1,1,1,1,0,0.6971428571428572,0.8068783068783069,0.7333333333333334,0.9545454545454545,0.9607843137254902,0.9384871155444722,0.8461538461538464,0.4380952380952381,0.25,0.3408239700374532,0.6491228070175439,0.4883720930232558,0.3333333333333333,0.3166180758017493,0.5394736842105263,0.06748466257668712,0.0625,0.19607843137254902,0.58128078817734,0.5916398713826366,0.4850574712643678,0.7252747252747253,0.1281249999999998,0.3409090909090909,0.612590799031477,0.15178571428571422,0.04043545878693624,0.049107142857142856,1.0,1.0,0.05263157894736842,0.04949627682873412,0.7570093457943925,0.05291005291005291,0.07692307692307693,0.1696014828544949,0.6434108527131783,0.06596306068601583,0.08403361344537816,1.0,1.0,0.08695652173913043,0.07597684515195369,0.6176470588235294,2020,1.0
Tua Tagovailoa,Quarterback,Alabama,SEC,0.25,0.5238095238095238,,,,,,0.25,3,0,1,1,1,0,0,0.17333333333333334,0.21957671957671956,0.9333333333333333,0.7520661157024792,0.43137254901960786,0.350166251039069,0.9423076923076925,0.0,0.1,0.15248796147672553,0.4298245614035088,0.2131782945736434,0.23809523809523808,0.1947521865889213,0.5526315789473684,0.15950920245398773,0.125,0.2629233511586453,0.5862068965517241,0.5530546623794212,0.5448275862068965,0.6703296703296704,0.4781249999999998,0.9545454545454546,0.848778340303764,0.4732142857142856,0.1166407465007776,0.109375,0.8461538461538461,0.8091603053435115,0.2894736842105263,0.1392904073587385,0.7757009345794393,,,,,,,,,,,,2020,1.0
Justin Herbert,Quarterback,Oregon,Pac-12,1.0,0.9761904761904762,0.7231370793261164,0.9047619047619048,0.8709677419354839,0.40789473684210487,0.5671641791044775,0.25,4,1,1,1,1,0,0,0.5085714285714286,0.5,0.7333333333333334,0.5619834710743802,0.4117647058823529,0.48129675810473815,0.3269230769230768,0.16666666666666666,0.2,0.17014446227929375,0.44736842105263164,0.26744186046511625,0.09523809523809523,0.18075801749271136,0.4868421052631579,0.26380368098159507,0.3125,0.3074866310160428,0.5517241379310345,0.6318327974276527,0.5333333333333333,0.5604395604395604,0.17812499999999984,0.6363636363636364,0.6693814659916355,0.16964285714285707,0.31726283048211507,0.31026785714285715,0.6153846153846154,0.8587786259541985,0.39473684210526316,0.4342969776609724,0.897196261682243,0.2962962962962963,0.15384615384615385,0.26506024096385544,0.4883720930232558,0.6649076517150396,0.6722689075630253,0.7333333333333334,0.6666666666666666,0.8260869565217391,0.6946454413892909,0.5686274509803921,2020,0.9
Jordan Love,Quarterback,Utah State,Mountain West,0.75,0.6904761904761905,0.5439781016509061,0.9047619047619048,0.7096774193548387,0.605263157894737,0.6567164179104471,0.0,3,1,1,1,0,0,0,0.5942857142857143,0.5185185185185185,0.0,0.3595041322314048,0.17647058823529413,0.4669576059850374,0.15384615384615383,0.2761904761904762,0.0,0.2370251471375067,0.5614035087719298,0.15891472868217055,0.3333333333333333,0.1206997084548105,0.4342105263157895,0.27607361963190186,0.125,0.2914438502673797,0.522167487684729,0.6511254019292605,0.593103448275862,0.6703296703296704,0.31875,0.7045454545454546,0.7576491305304864,0.2321428571428571,0.36236391912908245,0.28794642857142855,0.5384615384615384,0.6984732824427481,0.21052631578947367,0.3572054314498467,0.6448598130841122,,,,,,,,,,,,2020,0.55
Jalen Hurts,Quarterback,Oklahoma,Big 12,0.375,0.6428571428571429,0.8883374760894843,0.8571428571428571,0.9354838709677419,,,0.25,4,1,1,1,1,0,0,0.34285714285714286,0.37037037037037035,0.6,0.6735537190082642,0.4117647058823529,0.5602660016625104,0.9423076923076925,1.0,1.0,0.8378812199036918,0.8596491228070176,0.13178294573643412,0.09523809523809523,0.18134110787172011,0.638157894736842,0.9386503067484663,0.5,0.9064171122994652,0.6206896551724137,0.09485530546623794,0.09885057471264368,0.8901098901098901,0.6,0.1590909090909091,0.14417785604226283,0.4464285714285714,0.39191290824261277,0.34375,0.9230769230769231,0.7709923664122137,0.4473684210526316,0.4557599649583881,0.7663551401869159,1.0,1.0,1.0,0.6589147286821705,1.0,1.0,0.4,0.6512141280353201,1.0,1.0,0.5392156862745099,2020,0.9
Jacob Eason,Quarterback,Washington,Pac-12,1.0,0.8571428571428571,0.16051018491900743,0.14285714285714285,0.45161290322580644,0.9868421052631582,1.0,0.25,4,1,1,1,1,0,0,0.46476190476190476,0.4312169312169312,0.6,0.45454545454545453,0.23529411764705882,0.41084788029925184,0.25,0.10952380952380952,0.05,0.10647405029427501,0.2368421052631579,,,,,0.19631901840490798,0.0625,0.10427807486631016,0.27586206896551724,,,,,,,,0.5723172628304821,0.45535714285714285,0.3846153846153846,0.7010178117048347,0.42105263157894735,0.5321944809461235,0.616822429906542,0.164021164021164,0.07692307692307693,0.07414272474513438,0.16279069767441862,0.9683377308707124,0.8487394957983193,0.4666666666666667,0.4812362030905078,0.6956521739130435,0.8733719247467439,0.47058823529411764,2020,0.9
James Morgan,Quarterback,Florida International,Conference USA,0.75,0.8095238095238095,0.16051018491900743,0.2857142857142857,0.5161290322580645,1.0,0.8358208955223876,0.5,4,0,1,1,1,1,0,0.37333333333333335,0.291005291005291,0.8,0.19834710743801626,0.058823529411764705,0.29197838736492104,0.15384615384615383,0.0380952380952381,0.1,0.12520064205457465,0.2719298245614035,0.10465116279069768,0.047619047619047616,0.060641399416909623,0.24342105263157895,0.15337423312883436,0.0,0.11140819964349376,0.27586206896551724,0.5064308681672026,0.47126436781609193,0.6153846153846154,0.36250000000000004,0.5681818181818182,0.5760510675764913,0.2232142857142857,0.3265940902021773,0.21428571428571427,0.46153846153846156,0.5763358778625954,0.23684210526315788,0.2759526938239159,0.5514018691588786,0.2275132275132275,0.0,0.04911955514365153,0.14728682170542634,0.8522427440633246,0.7605042016806722,0.0,0.5033112582781457,0.6956521739130435,0.7474674384949349,0.4509803921568628,2020,0.35
Jake Fromm,Quarterback,Georgia,SEC,0.5,0.5714285714285714,0.04373159769051975,0.38095238095238093,0.4838709677419355,0.6842105263157892,0.641791044776119,0.25,3,0,1,1,1,0,0,0.4266666666666667,0.36243386243386244,0.8,0.31404958677685935,0.2549019607843137,0.35432252701579386,0.19230769230769235,0.07142857142857142,0.0,0.1369716425896201,0.34210526315789475,0.1511627906976744,0.0,0.06822157434402332,0.28947368421052627,0.3312883435582822,0.1875,0.21479500891265596,0.41379310344827586,0.47266881028938906,0.45517241379310347,0.6703296703296704,0.4312500000000001,0.6590909090909091,0.5808936825885979,0.27678571428571425,0.4494556765163297,0.40401785714285715,0.46153846153846156,0.7913486005089058,0.631578947368421,0.5727113447218573,0.8411214953271029,,,,,,,,,,,,2020,1.0
Jake Luton,Quarterback,Oregon State,Pac-12,1.0,0.6904761904761905,,,,,,0.75,3,0,0,0,1,1,1,0.37523809523809526,0.3306878306878307,0.9333333333333333,0.36363636363636354,0.3333333333333333,0.3239817123857024,0.23076923076923067,0.1,0.05,0.09684323167469235,0.1929824561403509,0.10077519379844961,0.0,0.0,0.0,0.09815950920245399,0.0,0.16844919786096257,0.4236453201970443,0.3408360128617363,0.30344827586206896,0.7802197802197802,0.28437499999999993,0.20454545454545456,0.34118423948932425,0.13392857142857142,0.20684292379471228,0.18526785714285715,0.6923076923076923,0.782442748091603,0.10526315789473684,0.1868155935173018,0.588785046728972,,,,,,,,,,,,2020,0.9
Cole McDonald,Quarterback,Hawai'i,Mountain West,0.625,0.47619047619047616,0.9004768159027634,0.9523809523809523,0.8064516129032258,0.5,0.6567164179104471,0.25,3,0,1,1,1,0,0,0.6666666666666666,0.6058201058201058,0.19999999999999996,0.43801652892561976,0.43137254901960786,0.6199085619285121,0.3269230769230768,0.38095238095238093,0.35,0.3451043338683788,0.6929824561403509,0.5116279069767442,0.19047619047619047,0.2857142857142857,0.506578947368421,0.09202453987730061,0.0625,0.26737967914438504,0.7684729064039408,0.7604501607717041,0.6367816091954023,0.4505494505494505,0.1624999999999998,0.7954545454545454,0.8287475236627779,0.18749999999999994,0.01088646967340591,0.011160714285714286,1.0,0.7073791348600509,0.02631578947368421,0.004818221638195357,0.22429906542056074,,,,,,,,,,,,2020,0.55
Ben DiNucci,Quarterback,James Madison,CAA,0.625,0.35714285714285715,,,,,,0.5,4,0,1,1,1,1,0,,,,,,,,,,,,,,,,0.3312883435582822,0.0625,0.25668449197860965,0.458128078817734,,,,,,,,0.24261275272161742,0.19642857142857142,0.6153846153846154,0.7086513994910942,0.13157894736842105,0.23893999123959703,0.6448598130841122,0.0,0.0,0.13253012048192772,0.9689922480620154,0.0158311345646438,0.004201680672268907,0.8666666666666667,0.0,0.043478260869565216,0.0,0.0,2020,0.15
Tommy Stevens,Quarterback,Mississippi State,SEC,0.875,0.9523809523809523,,,,,,0.5,4,0,1,1,1,1,0,0.0,0.0,0.8,0.28925619834710725,0.0,0.0,0.15384615384615383,0.2857142857142857,0.2,0.34724451578384163,0.7719298245614036,0.10077519379844961,0.09523809523809523,0.15276967930029153,0.611842105263158,0.15950920245398773,0.25,0.3137254901960784,0.689655172413793,0.0,0.0,0.945054945054945,0.5937499999999999,0.0,0.0,0.3660714285714285,0.038880248833592534,0.03125,1.0,0.6603053435114504,0.07894736842105263,0.0346035917652212,0.5514018691588786,0.10052910052910052,0.15384615384615385,0.29935125115848005,1.0,0.0,0.0,1.0,0.7373068432671082,0.0,0.00723589001447178,1.0,2020,1.0
Nate Stanley,Quarterback,Iowa,Big Ten,0.75,0.9523809523809523,0.3245942608570961,0.23809523809523808,0.3870967741935484,0.6710526315789472,0.5970149253731349,0.5,4,0,1,1,1,1,0,0.4533333333333333,0.37037037037037035,0.6666666666666667,0.2561983471074378,0.09803921568627451,0.37323358270989193,0.19230769230769235,0.2523809523809524,0.05,0.1471375066880685,0.3771929824561403,0.13178294573643412,0.047619047619047616,0.08629737609329446,0.3421052631578947,0.294478527607362,0.0,0.04188948306595366,0.2315270935960591,0.6189710610932476,0.5195402298850574,0.4505494505494505,0.16874999999999982,0.5681818181818182,0.5976227162667841,0.10714285714285707,0.5427682737169518,0.4375,0.5384615384615384,0.7099236641221375,0.6842105263157895,0.5337275514673675,0.6448598130841122,,,,,0.0158311345646438,0.012605042016806723,1.0,0.4922737306843268,0.0,0.016642547033285094,0.5000000000000001,2020,1.0
Trevor Lawrence,Quarterback,Clemson,ACC,1.0,0.42857142857142855,,,,,,0.0,3,1,1,1,0,0,0,0.44519480519480525,0.3544973544973545,0.7393939393939394,0.6611570247933881,0.340463458110517,0.5343459532985718,0.576923076923077,0.2731601731601732,0.4727272727272728,0.27175446276569876,0.631578947368421,0.39147286821705424,0.42857142857142855,0.4122448979591837,0.6973684210526316,0.3619631901840491,0.0625,0.30213903743315507,0.49261083743842365,0.6366559485530546,0.5977011494252874,0.5604395604395604,0.37812500000000004,0.7954545454545454,0.7825225621835792,0.27678571428571425,0.6158631415241057,0.578125,0.6923076923076923,0.8282442748091603,0.7894736842105263,0.718353044240035,0.7663551401869159,,,,,,,,,,,,2021,0.9
Zach Wilson,Quarterback,BYU,FBS Independents,0.5,0.4523809523809524,,,,,,0.25,3,0,1,1,1,0,0,0.517904761904762,0.3888888888888889,0.8733333333333333,0.8305785123966941,0.6,0.7463216957605986,0.8846153846153847,0.31761904761904763,0.65,0.32771535580524347,0.7017543859649122,0.25193798449612403,0.14285714285714285,0.18134110787172011,0.5,0.44171779141104295,0.125,0.3333333333333333,0.4876847290640394,0.49517684887459806,0.43908045977011495,0.5054945054945055,0.2718749999999999,0.22727272727272727,0.49988994056790664,0.14285714285714282,0.27993779160186627,0.26785714285714285,0.7692307692307692,0.8384223918575063,0.3157894736842105,0.3455978975032852,0.8130841121495327,,,,,,,,,,,,2021,0.9
Justin Fields,Quarterback,Ohio State,Big Ten,0.625,0.7619047619047619,1.0,,,,,0.25,3,0,1,1,1,0,0,0.38976190476190475,0.16137566137566137,0.4833333333333333,0.702479338842975,0.4852941176470588,0.46913965087281795,0.5576923076923078,0.5172619047619048,0.40625,0.4763911182450508,0.7807017543859649,0.5232558139534884,0.47619047619047616,0.3661807580174927,0.5657894736842105,0.25153374233128833,0.25,0.38146167557932265,0.6551724137931034,0.5514469453376206,0.5287356321839081,0.8351648351648352,0.4218750000000001,0.9090909090909091,0.6962359674224081,0.29464285714285704,0.05754276827371695,0.060267857142857144,1.0,0.8804071246819337,0.10526315789473684,0.0718353044240035,0.7850467289719627,,,,,,,,,,,,2021,1.0
Mac Jones,Quarterback,Alabama,SEC,0.625,0.5238095238095238,0.6087573871520614,0.5714285714285714,0.6451612903225806,0.3815789473684212,0.46268656716417855,0.5,3,0,0,1,1,1,0,0.6887619047619048,0.5661375661375662,0.7866666666666666,1.0,0.8294117647058824,0.9756857855361596,0.923076923076923,0.10714285714285714,0.065,0.1545211342964152,0.41228070175438597,0.05426356589147287,0.047619047619047616,0.10495626822157435,0.4868421052631579,0.012269938650306749,0.0,0.13725490196078433,0.21182266009852216,0.2090032154340836,0.2045977011494253,0.8351648351648352,0.4718749999999998,0.29545454545454547,0.3066255778120185,0.42857142857142844,0.017107309486780714,0.011160714285714286,1.0,0.4898218829516539,0.02631578947368421,0.026938239159001315,0.8878504672897197,,,,,,,,,,,,2021,1.0
Kyle Trask,Quarterback,Florida,SEC,0.875,0.9761904761904762,0.0,0.5238095238095238,0.5483870967741935,0.4342105263157897,0.7761194029850741,0.5,3,0,0,1,1,1,0,0.7754285714285715,0.5396825396825397,0.43999999999999995,0.6487603305785121,0.8803921568627451,0.9170615128844556,0.653846153846154,0.2866666666666667,0.195,0.1781701444622793,0.43859649122807015,0.2364341085271318,0.19047619047619047,0.08862973760932945,0.3421052631578947,0.024539877300613498,0.0625,0.1408199643493761,0.3054187192118227,0.5514469453376206,0.5264367816091954,0.6153846153846154,0.4125000000000001,0.5454545454545454,0.6231565045124368,0.2142857142857143,0.03110419906687403,0.03125,1.0,0.8091603053435115,0.02631578947368421,0.035479632063074903,0.691588785046729,,,,,,,,,,,,2021,1.0
Kellen Mond,Quarterback,Texas A&M,SEC,0.625,0.38095238095238093,,,,,,0.25,4,1,1,1,1,0,0,0.4262857142857143,0.23809523809523808,0.8733333333333333,0.41322314049586767,0.26862745098039215,0.3564837905236908,0.2115384615384615,0.3485714285714286,0.26,0.3478865703584805,0.719298245614035,0.4806201550387597,0.38095238095238093,0.3760932944606414,0.5986842105263158,0.901840490797546,0.4375,0.5730837789661319,0.5073891625615764,0.6559485530546624,0.5747126436781609,0.5054945054945055,0.2468749999999999,0.4318181818181818,0.6134712744882237,0.08928571428571427,0.6376360808709176,0.5290178571428571,0.3076923076923077,0.7315521628498727,0.631578947368421,0.6784932106876916,0.7009345794392524,0.4603174603174603,0.23076923076923078,0.4309545875810936,0.5658914728682171,0.5910290237467019,0.4831932773109244,0.6,0.40176600441501104,0.34782608695652173,0.4916787264833575,0.4215686274509804,2021,1.0
Davis Mills,Quarterback,Stanford,Pac-12,0.75,0.5238095238095238,0.2983986814779202,0.5714285714285714,0.45161290322580644,0.2631578947368424,0.47761194029850795,0.25,3,0,1,1,1,0,0,0.48984126984126974,0.07936507936507936,0.7,0.5206611570247934,0.08169934640522875,0.43987254087004707,0.26923076923076916,0.2,0.325,0.18628500089174244,0.4736842105263158,0.11627906976744186,0.0,0.10962099125364431,0.4276315789473684,0.0,0.0,0.14884135472370766,0.5911330049261083,0.36816720257234725,0.3425287356321839,0.7252747252747253,0.36562500000000003,0.22727272727272727,0.40347787805414925,0.19642857142857134,0.0,0.0,1.0,0.0,0.0,0.0,0.0,,,,,,,,,,,,2021,0.9
Ian Book,Quarterback,Notre Dame,FBS Independents,0.25,0.38095238095238093,0.7914681182512737,0.6190476190476191,0.6129032258064516,0.3157894736842109,0.16417910447761244,0.5,4,0,1,1,1,1,0,0.5674285714285715,0.34656084656084657,0.8733333333333333,0.47107438016528924,0.16666666666666666,0.5245220282626767,0.30769230769230765,0.6147619047619047,0.5850000000000001,0.48143392188336015,0.7368421052631579,0.4263565891472868,0.19047619047619047,0.40233236151603496,0.6578947368421053,0.5766871165644172,0.25,0.3939393939393939,0.4876847290640394,0.6237942122186495,0.5333333333333333,0.6703296703296704,0.20312499999999986,0.75,0.6436275588817961,0.15178571428571422,0.48522550544323484,0.47767857142857145,0.46153846153846156,0.8676844783715013,0.5,0.5755584756898817,0.7850467289719627,0.19047619047619047,0.0,0.30676552363299353,0.689922480620155,0.18997361477572558,0.18487394957983194,0.7333333333333334,0.6181015452538631,0.17391304347826086,0.15918958031837915,0.4215686274509804,2021,0.9
Sam Ehlinger,Quarterback,Texas,Big 12,0.375,0.5952380952380952,0.2511668862534227,1.0,0.5806451612903226,0.5263157894736848,0.5373134328358214,0.25,4,1,1,1,1,0,0,0.5792592592592593,0.2566137566137566,0.6518518518518519,0.28925619834710725,0.5206971677559913,0.5302253625196268,0.30769230769230765,0.6677248677248677,0.5777777777777777,0.43552701979668274,0.6578947368421052,0.624031007751938,0.3333333333333333,0.47055393586005834,0.6052631578947368,1.0,1.0,0.5739750445632799,0.4876847290640394,0.7122186495176849,0.6620689655172414,0.4505494505494505,0.359375,0.7045454545454546,0.7820823244552058,0.19642857142857134,0.656298600311042,0.6116071428571429,0.6153846153846154,0.821882951653944,0.6578947368421053,0.721419185282523,0.7289719626168225,0.5925925925925926,0.15384615384615385,0.4726598702502317,0.5348837209302326,0.7176781002638523,0.6554621848739496,0.5333333333333333,0.5342163355408387,0.4782608695652174,0.6870477568740955,0.5098039215686275,2021,0.9
Kenny Pickett,Quarterback,Pittsburgh,ACC,0.625,0.5238095238095238,0.576770351935757,0.7142857142857143,0.8064516129032258,,0.3134328358208955,0.75,4,0,0,1,1,1,1,0.64,0.626984126984127,0.6666666666666667,0.578512396694215,0.6078431372549019,0.657522859517872,0.4423076923076922,0.3523809523809524,0.25,0.2723381487426431,0.5877192982456141,0.36328400281888656,0.45021645021645024,0.19560031804929767,0.46710526315789475,0.5766871165644172,0.125,0.24242424242424243,0.40394088669950734,0.6150248465361006,0.45057471264367815,0.4155844155844155,0.2374999999999999,0.32644628099173556,0.6022051908030337,0.11607142857142855,0.7262830482115086,0.6450892857142857,0.3076923076923077,0.7837150127226463,0.34210526315789475,0.6784932106876916,0.616822429906542,0.6084656084656085,0.23076923076923078,0.3206672845227062,0.4186046511627907,0.8073878627968337,0.7478991596638656,0.6,0.551876379690949,0.5217391304347826,0.7065846599131693,0.4509803921568628,2022,0.9
Desmond Ridder,Quarterback,Cincinnati,American Athletic,0.625,0.38095238095238093,0.9571377929484168,0.9523809523809523,1.0,0.5263157894736848,0.3134328358208955,0.5,4,0,1,1,1,1,0,0.43047619047619046,0.4074074074074074,0.6,0.4834710743801653,0.37254901960784315,0.4528262676641729,0.423076923076923,0.4142857142857143,0.3,0.3333333333333333,0.6491228070175439,0.5011627906976744,0.7428571428571429,0.5304373177842566,0.7171052631578947,0.8773006134969326,0.3125,0.7459893048128342,0.5763546798029556,0.5696141479099679,0.4091954022988506,0.5714285714285714,0.39062500000000006,0.5386363636363636,0.6327977107638125,0.20535714285714274,0.5023328149300156,0.39955357142857145,0.3076923076923077,0.7010178117048347,0.47368421052631576,0.47393780113885237,0.6261682242990655,0.7777777777777778,0.38461538461538464,0.6561631139944393,0.5736434108527132,0.8126649076517151,0.8067226890756303,0.6666666666666667,0.6423841059602649,0.8695652173913043,0.8787988422575976,0.5980392156862746,2022,0.55
Malik Willis,Quarterback,Liberty,FBS Independents,0.375,0.5714285714285714,,,,,,0.5,4,0,1,1,1,1,0,0.33904761904761904,0.291005291005291,0.33333333333333337,0.3264462809917354,0.3137254901960784,0.35369908561928515,0.3846153846153847,0.8285714285714286,0.65,0.6131621187800963,0.763157894736842,0.7027131782945737,0.8666666666666666,0.799533527696793,0.7763157894736843,,,,,0.5340836012861736,0.3701149425287356,0.5714285714285714,0.32187499999999997,0.5681818181818182,0.6202069117323354,0.2321428571428571,,,,,,,,0.05291005291005291,0.07692307692307693,0.1974050046339203,0.8372093023255814,0.010554089709762533,0.012605042016806723,1.0,0.8410596026490065,0.0,0.002894356005788712,0.1568627450980392,2022,0.35
Matt Corral,Quarterback,Ole Miss,SEC,0.5,0.40476190476190477,,,,,,0.5,4,0,1,1,1,1,0,0.42857142857142855,0.4365079365079365,0.8,0.6074380165289257,0.17647058823529413,0.45594347464671653,0.4423076923076922,0.6142857142857143,0.55,0.47191011235955055,0.719298245614035,0.5515503875968992,0.24761904761904763,0.47510204081632657,0.638157894736842,0.34355828220858897,0.0625,0.2647058823529412,0.4630541871921182,0.6657556270096463,0.5149425287356322,0.0,0.5374999999999999,0.8340909090909091,0.9349768875192604,0.39285714285714285,0.2737169517884914,0.234375,0.7692307692307692,0.7506361323155215,0.15789473684210525,0.2982917214191853,0.7196261682242991,0.0582010582010582,0.15384615384615385,0.1927710843373494,0.7674418604651163,0.05013192612137203,0.058823529411764705,0.9333333333333333,0.8697571743929359,0.08695652173913043,0.08068017366136035,0.8921568627450981,2022,1.0
Bailey Zappe,Quarterback,Western Kentucky,Conference USA,0.375,0.47619047619047616,0.17587687532662533,0.38095238095238093,0.41935483870967744,0.5789473684210533,0.47761194029850795,0.5,1,0,0,0,0,1,0,1.0,1.0,0.4,0.6611570247933881,1.0,1.0,0.4423076923076922,0.13333333333333333,0.15,0.15248796147672553,0.39473684210526316,,,,,,,,,,,,,,,,,,,,,,,,,,,,,,,,,,2022,0.35
Sam Howell,Quarterback,North Carolina,ACC,0.375,0.5476190476190477,,,,,,0.0,3,1,1,1,0,0,0,0.35428571428571426,0.31746031746031744,0.5333333333333333,0.3842975206611569,0.2549019607843137,0.3950540315876974,0.4615384615384617,0.7619047619047619,0.55,0.5864098448368111,0.763157894736842,0.41367159971811135,0.2813852813852814,0.18457460906440498,0.4407894736842105,0.5705521472392638,0.0625,0.17557932263814616,0.3645320197044335,0.6435252850043848,0.5264367816091954,0.5454545454545454,0.4500000000000001,0.7830578512396694,0.9086506713625357,0.39285714285714285,0.6531881804043546,0.578125,0.46153846153846156,0.7811704834605597,1.0,0.7974156811213315,0.8037383177570093,,,,,,,,,,,,2022,0.9
Chris Oladokun,Quarterback,South Dakota State,MVFC,0.5,0.0,,,,,,1.0,4,0,0,0,1,1,1,,,,,,,,,,,,,,,,,,,,,,,,,,,,,,,,,,0.12169312169312169,0.0,0.1334569045412419,0.3333333333333333,0.10817941952506596,0.08403361344537816,0.9333333333333333,0.368653421633554,0.13043478260869565,0.09732272069464544,0.4607843137254902,2022,0.15
Skylar Thompson,Quarterback,Kansas State,Big 12,0.5,0.5238095238095238,0.13319828471455242,0.47619047619047616,0.5161290322580645,0.3289473684210527,0.29850746268656747,1.0,4,0,0,0,1,1,1,0.13714285714285715,0.17195767195767195,0.8666666666666667,0.6735537190082642,0.0196078431372549,0.19908561928512053,0.5192307692307692,0.11428571428571428,0.2,0.14553237025147137,0.3771929824561403,0.09862187769164513,0.20634920634920634,0.11597019760285066,0.46710526315789475,0.6932515337423313,0.6875,0.5053475935828877,0.522167487684729,0.13093962129331904,0.0735632183908046,1.0,0.27499999999999997,0.10858585858585858,0.17482329346736125,0.3482142857142857,0.4572317262830482,0.39285714285714285,0.6153846153846154,0.7569974554707378,0.3157894736842105,0.5052562417871223,0.7289719626168225,0.544973544973545,0.38461538461538464,0.46153846153846156,0.5503875968992248,0.5435356200527705,0.5084033613445378,0.7333333333333334,0.5651214128035319,0.43478260869565216,0.4992764109985528,0.48039215686274517,2022,0.9
Brock Purdy,Quarterback,Iowa State,Big 12,0.375,0.40476190476190477,0.2511668862534227,0.09523809523809523,,0.605263157894737,0.5522388059701495,0.25,4,1,1,1,1,0,0,0.4685714285714286,0.5158730158730159,0.6,0.7644628099173552,0.1568627450980392,0.42248545303408147,0.26923076923076916,0.29523809523809524,0.05,0.270733012306046,0.6140350877192983,0.47932816537467704,0.3439153439153439,0.4057013281503077,0.625,0.5644171779141104,0.5,0.3663101604278075,0.4778325123152709,0.8276170060735976,0.5402298850574713,0.2857142857142857,0.4093750000000001,0.601010101010101,0.8501479687920366,0.15178571428571422,0.7356143079315708,0.6964285714285714,0.3076923076923077,0.8358778625954199,0.7105263157894737,0.8720981165133597,0.7850467289719627,0.5185185185185185,0.38461538461538464,0.40129749768303985,0.5116279069767441,0.5725593667546174,0.6050420168067226,0.5333333333333333,0.7306843267108168,0.6956521739130435,0.8082489146164978,0.8235294117647058,2022,0.9
