name,position,college,conference,height,weight,forty,bench,vertical,broad_jump,cone,shuttle,age,years_since_first_played,played_at_18,played_at_19,played_at_20,played_at_21,played_at_22,played_at_23,Y0_fumbles_FUM,Y0_fumbles_LOST,Y0_fumbles_REC,Y0_receiving_LONG,Y0_receiving_REC,Y0_receiving_TD,Y0_receiving_YDS,Y0_receiving_YPR,Y0_rushing_CAR,Y0_rushing_LONG,Y0_rushing_TD,Y0_rushing_YDS,Y0_rushing_YPC,Y1_receiving_LONG,Y1_receiving_REC,Y1_receiving_TD,Y1_receiving_YDS,Y1_receiving_YPR,Y1_rushing_CAR,Y1_rushing_LONG,Y1_rushing_TD,Y1_rushing_YDS,Y1_rushing_YPC,Y2_receiving_LONG,Y2_receiving_REC,Y2_receiving_TD,Y2_receiving_YDS,Y2_receiving_YPR,Y2_rushing_CAR,Y2_rushing_LONG,Y2_rushing_TD,Y2_rushing_YDS,Y2_rushing_YPC,Y3_receiving_LONG,Y3_receiving_REC,Y3_receiving_TD,Y3_receiving_YDS,Y3_receiving_YPR,Y3_rushing_CAR,Y3_rushing_LONG,Y3_rushing_TD,Y3_rushing_YDS,Y3_rushing_YPC,draft_year,Y1_fumbles_FUM,Y1_fumbles_LOST,Y1_fumbles_REC,Y2_fumbles_FUM,Y2_fumbles_LOST,Y2_fumbles_REC,Y3_fumbles_FUM,Y3_fumbles_LOST,Y3_fumbles_REC
Leonard Fournette,Running Back,LSU,SEC,73.0,240.0,4.51,,28.5,,,,22.0,3,0,1,1,1,0,0,3.0,2.0,0.0,38.0,15.0,0.0,146.0,9.7,129.0,78.0,8.0,843.0,6.5,46.0,19.0,1.0,253.0,13.3,300.0,87.0,22.0,1953.0,6.5,40.0,7.0,0.0,127.0,18.1,187.0,89.0,10.0,1034.0,5.5,,,,,,,,,,,2017,,,,,,,,,
Christian McCaffrey,Running Back,Stanford,Pac-12,71.0,202.0,4.48,10.0,37.5,121.0,6.57,4.22,21.0,3,1,1,1,0,0,0,1.0,0.0,0.0,56.0,37.0,3.0,310.0,8.4,253.0,90.0,13.0,1603.0,6.3,75.0,45.0,5.0,645.0,14.3,337.0,70.0,8.0,2019.0,6.0,52.0,17.0,2.0,251.0,14.8,42.0,37.0,0.0,300.0,7.1,,,,,,,,,,,2017,,,,,,,,,
Dalvin Cook,Running Back,Florida State,ACC,70.0,210.0,4.49,22.0,30.5,116.0,7.27,4.53,22.0,3,0,1,1,1,0,0,6.0,4.0,0.0,59.0,33.0,1.0,488.0,14.8,288.0,75.0,19.0,1765.0,6.1,36.0,24.0,1.0,244.0,10.2,229.0,94.0,19.0,1691.0,7.4,30.0,22.0,0.0,203.0,9.2,170.0,44.0,8.0,1008.0,5.9,,,,,,,,,,,2017,,,,,,,,,
Joe Mixon,Running Back,Oklahoma,Big 12,73.0,228.0,,,,,,,21.0,2,0,1,1,0,0,0,5.0,2.0,0.0,60.0,37.0,5.0,538.0,14.5,187.0,79.0,10.0,1274.0,6.8,76.0,28.0,4.0,356.0,12.7,113.0,66.0,7.0,753.0,6.7,,,,,,,,,,,,,,,,,,,,,2017,,,,,,,,,
Alvin Kamara,Running Back,Tennessee,SEC,70.0,214.0,4.56,15.0,39.5,131.0,,,22.0,2,0,0,1,1,0,0,5.0,2.0,0.0,53.0,40.0,4.0,392.0,9.8,103.0,39.0,9.0,596.0,5.8,35.0,34.0,3.0,291.0,8.6,107.0,63.0,7.0,698.0,6.5,,,,,,,,,,,,,,,,,,,,,2017,,,,,,,,,
Kareem Hunt,Running Back,Toledo,Mid-American,71.0,216.0,4.62,18.0,36.5,119.0,,,22.0,4,1,1,1,1,0,0,,,,71.0,41.0,1.0,403.0,9.8,262.0,47.0,10.0,1475.0,5.6,9.0,11.0,0.0,45.0,4.1,178.0,41.0,12.0,973.0,5.5,10.0,9.0,0.0,39.0,4.3,205.0,91.0,16.0,1631.0,8.0,15.0,12.0,0.0,68.0,5.7,137.0,52.0,6.0,866.0,6.3,2017,,,,,,,,,
D'Onta Foreman,Running Back,Texas,Big 12,72.0,233.0,,18.0,,,,,21.0,3,1,1,1,0,0,0,6.0,6.0,0.0,21.0,7.0,0.0,75.0,10.7,323.0,74.0,15.0,2028.0,6.3,22.0,5.0,0.0,64.0,12.8,95.0,93.0,5.0,681.0,7.2,7.0,1.0,0.0,7.0,7.0,16.0,34.0,0.0,74.0,4.6,,,,,,,,,,,2017,,,,,,,,,
James Conner,Running Back,Pittsburgh,ACC,74.0,233.0,4.65,20.0,29.0,113.0,,,22.0,4,1,1,1,1,0,0,1.0,1.0,0.0,55.0,21.0,4.0,302.0,14.4,216.0,40.0,16.0,1092.0,5.1,7.0,1.0,0.0,7.0,7.0,8.0,40.0,2.0,77.0,9.6,40.0,5.0,0.0,70.0,14.0,298.0,75.0,26.0,1765.0,5.9,13.0,3.0,0.0,33.0,11.0,146.0,45.0,8.0,799.0,5.5,2017,,,,,,,,,
Samaje Perine,Running Back,Oklahoma,Big 12,71.0,233.0,4.65,30.0,33.0,116.0,7.26,4.37,21.0,3,1,1,1,0,0,0,2.0,1.0,0.0,29.0,10.0,1.0,106.0,10.6,196.0,66.0,12.0,1060.0,5.4,20.0,15.0,1.0,107.0,7.1,226.0,72.0,16.0,1349.0,6.0,19.0,15.0,0.0,108.0,7.2,263.0,66.0,21.0,1713.0,6.5,,,,,,,,,,,2017,,,,,,,,,
Joe Williams,Running Back,Utah,Pac-12,71.0,210.0,4.41,14.0,35.0,125.0,7.19,4.19,24.0,2,0,0,0,0,1,1,5.0,5.0,0.0,56.0,9.0,0.0,107.0,11.9,210.0,82.0,10.0,1407.0,6.7,16.0,11.0,0.0,84.0,7.6,104.0,64.0,3.0,477.0,4.6,,,,,,,,,,,,,,,,,,,,,2017,,,,,,,,,
Donnel Pumphrey,Running Back,San Diego State,Mountain West,68.0,176.0,4.48,5.0,33.5,117.0,,,22.0,4,1,1,1,1,0,0,2.0,1.0,0.0,27.0,27.0,0.0,231.0,8.6,349.0,79.0,17.0,2133.0,6.1,40.0,28.0,3.0,416.0,14.9,309.0,72.0,17.0,1653.0,5.3,31.0,23.0,0.0,160.0,7.0,276.0,93.0,20.0,1867.0,6.8,23.0,22.0,2.0,234.0,10.6,125.0,72.0,8.0,752.0,6.0,2017,,,,,,,,,
Jamaal Williams,Running Back,BYU,FBS Independents,72.0,212.0,4.59,,30.0,123.0,7.25,4.53,22.0,4,1,1,1,1,0,0,2.0,2.0,0.0,39.0,7.0,0.0,80.0,11.4,234.0,62.0,12.0,1375.0,5.9,,,,,,,,,,,28.0,8.0,0.0,47.0,5.9,109.0,31.0,4.0,518.0,4.8,15.0,18.0,0.0,125.0,6.9,217.0,70.0,7.0,1233.0,5.7,2017,,,,,,,,,
Wayne Gallman,Running Back,Clemson,ACC,73.0,215.0,4.6,21.0,29.5,120.0,7.17,4.28,22.0,3,0,1,1,1,0,0,2.0,2.0,0.0,18.0,20.0,0.0,152.0,7.6,232.0,59.0,17.0,1133.0,4.9,39.0,21.0,1.0,213.0,10.1,283.0,66.0,13.0,1527.0,5.4,18.0,24.0,1.0,108.0,4.5,161.0,34.0,4.0,769.0,4.8,,,,,,,,,,,2017,,,,,,,,,
Marlon Mack,Running Back,South Florida,American Athletic,71.0,213.0,4.5,15.0,35.5,125.0,,,21.0,3,1,1,1,0,0,0,4.0,3.0,0.0,37.0,28.0,0.0,227.0,8.1,174.0,85.0,15.0,1187.0,6.8,20.0,16.0,1.0,111.0,6.9,210.0,59.0,8.0,1381.0,6.6,19.0,21.0,0.0,160.0,7.6,202.0,75.0,9.0,1041.0,5.2,,,,,,,,,,,2017,,,,,,,,,
Brian Hill,Running Back,Wyoming,Mountain West,73.0,219.0,4.54,15.0,34.0,125.0,7.03,4.32,21.0,3,1,1,1,0,0,0,1.0,0.0,0.0,19.0,8.0,0.0,67.0,8.4,349.0,66.0,22.0,1860.0,5.3,21.0,20.0,0.0,132.0,6.6,281.0,72.0,6.0,1631.0,5.8,40.0,13.0,0.0,204.0,15.7,145.0,89.0,7.0,796.0,5.5,,,,,,,,,,,2017,,,,,,,,,
Jeremy McNichols,Running Back,Boise State,Mountain West,69.0,214.0,4.49,,35.5,121.0,6.93,4.28,21.0,3,1,1,1,0,0,0,5.0,2.0,0.0,76.0,37.0,4.0,474.0,12.8,314.0,80.0,23.0,1709.0,5.4,40.0,51.0,6.0,460.0,9.0,240.0,88.0,20.0,1337.0,5.6,41.0,15.0,1.0,155.0,10.3,17.0,28.0,1.0,159.0,9.4,,,,,,,,,,,2017,,,,,,,,,
T.J. Logan,Running Back,North Carolina,ACC,70.0,196.0,4.37,17.0,33.5,121.0,,,23.0,4,0,1,1,1,1,0,2.0,1.0,0.0,46.0,29.0,3.0,244.0,8.4,120.0,35.0,7.0,650.0,5.4,49.0,11.0,1.0,151.0,13.7,66.0,42.0,5.0,400.0,6.1,22.0,26.0,0.0,144.0,5.5,119.0,47.0,3.0,582.0,4.9,35.0,10.0,0.0,124.0,12.4,93.0,63.0,4.0,533.0,5.7,2017,,,,,,,,,
Aaron Jones,Running Back,UTEP,Conference USA,70.0,208.0,4.56,16.0,37.5,127.0,6.82,4.2,22.0,4,1,1,1,1,0,0,3.0,0.0,0.0,42.0,28.0,3.0,233.0,8.3,229.0,83.0,17.0,1773.0,7.7,36.0,9.0,1.0,106.0,11.8,32.0,91.0,1.0,209.0,6.5,72.0,30.0,3.0,293.0,9.8,242.0,73.0,11.0,1321.0,5.5,6.0,4.0,0.0,14.0,3.5,155.0,81.0,4.0,811.0,5.2,2017,,,,,,,,,
Elijah McGuire,Running Back,Louisiana,Sun Belt,70.0,214.0,4.53,15.0,36.0,120.0,7.26,4.56,23.0,4,0,1,1,1,1,0,1.0,1.0,0.0,28.0,29.0,2.0,238.0,8.2,232.0,68.0,7.0,1127.0,4.9,49.0,33.0,3.0,293.0,8.9,210.0,88.0,13.0,1058.0,5.0,62.0,45.0,2.0,468.0,10.4,166.0,75.0,14.0,1264.0,7.6,80.0,22.0,3.0,384.0,17.5,103.0,70.0,8.0,863.0,8.4,2017,,,,,,,,,
Devante Mays,Running Back,Utah State,Mountain West,70.0,230.0,,,,,,,23.0,2,0,0,0,1,1,0,,,,8.0,1.0,0.0,8.0,8.0,37.0,66.0,3.0,259.0,7.0,9.0,1.0,0.0,9.0,9.0,165.0,61.0,9.0,966.0,5.9,,,,,,,,,,,,,,,,,,,,,2017,,,,,,,,,
Elijah Hood,Running Back,North Carolina,ACC,71.0,232.0,,18.0,,,,,21.0,3,1,1,1,0,0,0,2.0,2.0,0.0,31.0,25.0,0.0,142.0,5.7,145.0,62.0,8.0,858.0,5.9,14.0,13.0,0.0,71.0,5.5,219.0,67.0,17.0,1463.0,6.7,1.0,2.0,0.0,-2.0,-1.0,67.0,23.0,4.0,259.0,3.9,,,,,,,,,,,2017,,,,,,,,,
Christopher Carson,Running Back,Oklahoma State,Big 12,72.0,218.0,,,,,,,22.0,2,0,0,1,1,0,0,1.0,0.0,0.0,18.0,13.0,1.0,128.0,9.8,82.0,26.0,9.0,559.0,6.8,28.0,17.0,0.0,170.0,10.0,131.0,26.0,4.0,517.0,3.9,,,,,,,,,,,,,,,,,,,,,2017,,,,,,,,,
Matthew Dayes,Running Back,NC State,ACC,69.0,205.0,4.47,18.0,28.0,109.0,,,23.0,4,0,1,1,1,1,0,3.0,3.0,0.0,38.0,32.0,0.0,267.0,8.3,249.0,54.0,10.0,1166.0,4.7,26.0,24.0,0.0,172.0,7.2,134.0,85.0,12.0,865.0,6.5,39.0,32.0,5.0,321.0,10.0,104.0,68.0,8.0,573.0,5.5,61.0,10.0,1.0,173.0,17.3,63.0,42.0,4.0,252.0,4.0,2017,,,,,,,,,
Saquon Barkley,Running Back,Penn State,Big Ten,72.0,233.0,4.4,29.0,41.0,,,4.24,21.0,3,1,1,1,0,0,0,,,,85.0,54.0,3.0,632.0,11.7,217.0,92.0,18.0,1271.0,5.9,44.0,28.0,4.0,402.0,14.4,272.0,81.0,18.0,1496.0,5.5,32.0,20.0,1.0,161.0,8.1,182.0,56.0,7.0,1076.0,5.9,,,,,,,,,,,2018,2.0,2.0,0.0,,,,,,
Rashaad Penny,Running Back,San Diego State,Mountain West,71.0,220.0,4.46,13.0,32.5,120.0,,,22.0,4,1,1,1,1,0,0,3.0,2.0,0.0,33.0,19.0,2.0,135.0,7.1,289.0,95.0,23.0,2248.0,7.8,41.0,15.0,3.0,224.0,14.9,135.0,73.0,11.0,1005.0,7.4,33.0,8.0,1.0,120.0,15.0,61.0,55.0,4.0,368.0,6.0,,,,,,2.0,21.0,0.0,22.0,11.0,2018,2.0,2.0,0.0,,,,,,
Sony Michel,Running Back,Georgia,SEC,71.0,214.0,4.54,22.0,,,,4.21,23.0,4,0,1,1,1,1,0,2.0,1.0,0.0,32.0,9.0,1.0,96.0,10.7,156.0,75.0,16.0,1227.0,7.9,33.0,22.0,1.0,149.0,6.8,152.0,42.0,4.0,840.0,5.5,48.0,26.0,3.0,270.0,10.4,219.0,66.0,8.0,1161.0,5.3,33.0,7.0,1.0,106.0,15.1,64.0,75.0,5.0,410.0,6.4,2018,3.0,1.0,0.0,,,,,,
Nick Chubb,Running Back,Georgia,SEC,71.0,227.0,4.52,29.0,38.5,128.0,7.09,4.25,22.0,4,1,1,1,1,0,0,,,,11.0,4.0,0.0,30.0,7.5,223.0,55.0,15.0,1345.0,6.0,49.0,5.0,1.0,86.0,17.2,224.0,55.0,8.0,1130.0,5.0,24.0,4.0,1.0,32.0,8.0,92.0,83.0,7.0,747.0,8.1,27.0,18.0,2.0,213.0,11.8,219.0,83.0,14.0,1547.0,7.1,2018,3.0,3.0,0.0,,,,,,
Ronald Jones II,Running Back,USC,Pac-12,71.0,205.0,,,,,,,21.0,3,1,1,1,0,0,0,,,,56.0,14.0,1.0,187.0,13.4,261.0,86.0,19.0,1550.0,5.9,16.0,11.0,1.0,76.0,6.9,177.0,66.0,12.0,1082.0,6.1,15.0,7.0,1.0,39.0,5.6,153.0,74.0,8.0,987.0,6.5,,,,,,,,,,,2018,1.0,1.0,0.0,,,,,,
Kerryon Johnson,Running Back,Auburn,SEC,72.0,213.0,,11.0,40.0,126.0,7.07,4.29,21.0,3,1,1,1,0,0,0,1.0,1.0,0.0,55.0,24.0,2.0,194.0,8.1,285.0,60.0,18.0,1391.0,4.9,37.0,17.0,0.0,125.0,7.4,182.0,47.0,11.0,895.0,4.9,37.0,14.0,0.0,159.0,11.4,52.0,19.0,3.0,208.0,4.0,,,,,,,,,,,2018,2.0,1.0,0.0,,,,,,
Derrius Guice,Running Back,LSU,SEC,71.0,224.0,4.49,15.0,31.5,,,,21.0,3,1,1,1,0,0,0,1.0,0.0,0.0,20.0,18.0,2.0,124.0,6.9,237.0,59.0,11.0,1251.0,5.3,29.0,9.0,1.0,106.0,11.8,183.0,96.0,15.0,1387.0,7.6,10.0,5.0,0.0,20.0,4.0,51.0,50.0,3.0,436.0,8.5,,,,,,,,,,,2018,3.0,2.0,0.0,,,,,,
Royce Freeman,Running Back,Oregon,Pac-12,72.0,229.0,4.54,17.0,34.0,118.0,6.9,4.16,22.0,4,1,1,1,1,0,0,2.0,1.0,0.0,50.0,14.0,0.0,164.0,11.7,244.0,59.0,16.0,1475.0,6.0,24.0,23.0,1.0,144.0,6.3,168.0,85.0,9.0,945.0,5.6,36.0,26.0,2.0,348.0,13.4,283.0,64.0,17.0,1836.0,6.5,30.0,16.0,1.0,158.0,9.9,252.0,38.0,18.0,1365.0,5.4,2018,4.0,2.0,0.0,,,,,,
Nyheim Hines,Running Back,NC State,ACC,68.0,198.0,4.38,,35.5,119.0,7.18,4.35,21.0,3,1,1,1,0,0,0,4.0,1.0,0.0,28.0,26.0,0.0,152.0,5.8,197.0,83.0,12.0,1112.0,5.6,56.0,43.0,0.0,525.0,12.2,13.0,14.0,0.0,44.0,3.4,58.0,20.0,1.0,256.0,12.8,48.0,38.0,1.0,243.0,5.1,,,,,,,,,,,2018,3.0,2.0,0.0,,,,,,
Mark Walton,Running Back,Miami,ACC,70.0,202.0,4.6,18.0,31.5,118.0,,,21.0,3,1,1,1,0,0,0,,,,39.0,7.0,0.0,91.0,13.0,56.0,82.0,3.0,428.0,7.6,30.0,27.0,1.0,240.0,8.9,209.0,80.0,14.0,1117.0,5.3,41.0,22.0,1.0,293.0,13.3,129.0,27.0,9.0,450.0,3.5,,,,,,,,,,,2018,,,,,,,,,
Ito Smith,Running Back,Southern Miss,Conference USA,69.0,198.0,,,,,,,22.0,4,1,1,1,1,0,0,3.0,3.0,0.0,84.0,40.0,2.0,396.0,9.9,248.0,89.0,13.0,1413.0,5.7,54.0,43.0,2.0,459.0,10.7,265.0,86.0,17.0,1459.0,5.5,49.0,49.0,3.0,515.0,10.5,171.0,75.0,10.0,1128.0,6.6,27.0,8.0,0.0,76.0,9.5,136.0,38.0,2.0,536.0,3.9,2018,3.0,2.0,0.0,,,,,,
Kalen Ballage,Running Back,Arizona State,Pac-12,74.0,228.0,4.46,15.0,33.5,122.0,6.91,4.35,22.0,4,1,1,1,1,0,0,1.0,0.0,0.0,10.0,20.0,0.0,91.0,4.6,157.0,35.0,6.0,669.0,4.3,71.0,44.0,1.0,469.0,10.7,126.0,75.0,14.0,536.0,4.3,16.0,12.0,0.0,60.0,5.0,125.0,65.0,4.0,653.0,5.2,38.0,6.0,1.0,64.0,10.7,42.0,12.0,3.0,126.0,3.0,2018,3.0,2.0,0.0,,,,,,
Jordan Wilkins,Running Back,Ole Miss,SEC,73.0,216.0,,16.0,36.0,117.0,,4.27,24.0,4,0,0,1,1,1,1,1.0,1.0,0.0,25.0,26.0,1.0,241.0,9.3,155.0,64.0,9.0,1011.0,6.5,,,,,,,,,,,45.0,5.0,0.0,75.0,15.0,72.0,38.0,4.0,379.0,5.3,6.0,1.0,0.0,6.0,6.0,52.0,73.0,1.0,361.0,6.9,2018,,,,,,,,,
John Kelly,Running Back,Tennessee,SEC,70.0,216.0,,15.0,35.0,120.0,7.13,4.51,21.0,3,1,1,1,0,0,0,1.0,1.0,0.0,52.0,37.0,0.0,299.0,8.1,189.0,38.0,9.0,778.0,4.1,17.0,6.0,0.0,51.0,8.5,98.0,73.0,5.0,630.0,6.4,,,,,,40.0,22.0,1.0,165.0,4.1,,,,,,,,,,,2018,2.0,2.0,0.0,,,,,,
Boston Scott,Running Back,Louisiana Tech,Conference USA,67.0,197.0,,,,,,,23.0,4,0,1,1,1,1,0,,,,32.0,20.0,1.0,181.0,9.1,182.0,45.0,8.0,1040.0,5.7,22.0,11.0,0.0,125.0,11.4,70.0,71.0,6.0,515.0,7.4,1.0,1.0,0.0,1.0,1.0,34.0,77.0,0.0,275.0,8.1,,,,,,1.0,3.0,0.0,3.0,3.0,2018,1.0,0.0,0.0,,,,,,
David Williams,Running Back,Arkansas,SEC,72.0,226.0,,,,,,,24.0,4,0,0,1,1,1,1,2.0,0.0,0.0,37.0,10.0,2.0,171.0,17.1,117.0,33.0,8.0,656.0,5.6,16.0,9.0,0.0,72.0,8.0,56.0,33.0,3.0,239.0,4.3,21.0,11.0,0.0,93.0,8.5,86.0,18.0,0.0,299.0,3.5,59.0,7.0,0.0,99.0,14.1,45.0,37.0,2.0,256.0,5.7,2018,,,,,,,,,
Bo Scarbrough,Running Back,Alabama,SEC,73.0,228.0,4.52,14.0,40.0,129.0,,4.34,23.0,3,0,0,1,1,1,0,0.0,0.0,1.0,15.0,17.0,0.0,109.0,6.4,124.0,44.0,8.0,596.0,4.8,9.0,4.0,0.0,22.0,5.5,125.0,85.0,11.0,812.0,6.5,,,,,,18.0,24.0,1.0,104.0,5.8,,,,,,,,,,,2018,3.0,0.0,0.0,,,,,,
Justin Jackson,Running Back,Northwestern,Big Ten,72.0,193.0,4.52,13.0,38.5,122.0,6.81,4.07,22.0,4,1,1,1,1,0,0,1.0,0.0,0.0,24.0,44.0,0.0,276.0,6.3,287.0,79.0,11.0,1311.0,4.6,37.0,35.0,0.0,219.0,6.3,298.0,68.0,15.0,1524.0,5.1,28.0,21.0,0.0,162.0,7.7,312.0,62.0,5.0,1418.0,4.5,35.0,22.0,1.0,201.0,9.1,245.0,68.0,10.0,1187.0,4.8,2018,1.0,1.0,0.0,,,,,,
Josh Jacobs,Running Back,Alabama,SEC,70.0,220.0,,,,,,,21.0,3,1,1,1,0,0,0,1.0,0.0,0.0,33.0,20.0,3.0,247.0,12.4,120.0,59.0,11.0,640.0,5.3,38.0,14.0,2.0,168.0,12.0,46.0,45.0,1.0,284.0,6.2,30.0,14.0,0.0,166.0,11.9,86.0,56.0,4.0,564.0,6.6,,,,,,,,,,,2019,,,,2.0,2.0,0.0,,,
Miles Sanders,Running Back,Penn State,Big Ten,71.0,211.0,4.49,20.0,36.0,124.0,6.89,4.19,22.0,3,0,1,1,1,0,0,5.0,4.0,0.0,29.0,24.0,0.0,139.0,5.8,219.0,78.0,9.0,1271.0,5.8,7.0,6.0,0.0,30.0,5.0,31.0,31.0,2.0,191.0,6.2,21.0,2.0,1.0,24.0,12.0,25.0,57.0,1.0,184.0,7.4,,,,,,,,,,,2019,1.0,0.0,0.0,4.0,3.0,0.0,,,
Darrell Henderson,Running Back,Memphis,American Athletic,68.0,208.0,4.49,22.0,33.5,121.0,,,22.0,3,0,1,1,1,0,0,2.0,1.0,0.0,71.0,19.0,3.0,295.0,15.5,214.0,82.0,22.0,1909.0,8.9,45.0,24.0,2.0,226.0,9.4,130.0,82.0,9.0,1154.0,8.9,46.0,20.0,3.0,237.0,11.9,87.0,45.0,5.0,482.0,5.5,,,,,,,,,,,2019,2.0,2.0,0.0,,,,,,
David Montgomery,Running Back,Iowa State,Big 12,70.0,222.0,4.63,15.0,28.5,121.0,,,22.0,3,0,1,1,1,0,0,1.0,1.0,0.0,53.0,22.0,0.0,157.0,7.1,255.0,39.0,13.0,1185.0,4.6,46.0,36.0,0.0,296.0,8.2,258.0,58.0,11.0,1146.0,4.4,28.0,13.0,0.0,129.0,9.9,109.0,51.0,2.0,563.0,5.2,,,,,,,,,,,2019,1.0,1.0,0.0,1.0,1.0,0.0,,,
Devin Singletary,Running Back,Florida Atlantic,Conference USA,68.0,203.0,4.66,15.0,35.0,117.0,7.32,4.4,22.0,3,0,1,1,1,0,0,,,,13.0,6.0,0.0,36.0,6.0,261.0,44.0,22.0,1348.0,5.2,60.0,19.0,1.0,198.0,10.4,301.0,70.0,32.0,1920.0,6.4,48.0,26.0,0.0,163.0,6.3,152.0,66.0,12.0,1021.0,6.7,,,,,,,,,,,2019,4.0,3.0,0.0,,,,,,
Damien Harris,Running Back,Alabama,SEC,70.0,216.0,4.57,16.0,37.0,121.0,,,22.0,4,1,1,1,1,0,0,,,,52.0,22.0,0.0,204.0,9.3,150.0,73.0,9.0,876.0,5.8,17.0,12.0,0.0,91.0,7.6,135.0,75.0,11.0,1000.0,7.4,56.0,14.0,2.0,99.0,7.1,145.0,73.0,2.0,1040.0,7.2,8.0,4.0,0.0,13.0,3.3,46.0,41.0,1.0,157.0,3.4,2019,,,,2.0,0.0,0.0,,,
Alexander Mattison,Running Back,Boise State,Mountain West,71.0,221.0,4.67,22.0,35.0,127.0,7.13,4.29,21.0,3,1,1,1,0,0,0,,,,23.0,27.0,0.0,173.0,6.4,302.0,59.0,17.0,1412.0,4.7,36.0,28.0,1.0,284.0,10.1,212.0,70.0,12.0,1086.0,5.1,19.0,5.0,0.0,54.0,10.8,67.0,19.0,4.0,328.0,4.9,,,,,,,,,,,2019,2.0,1.0,0.0,,,,,,
Bryce Love,Running Back,Stanford,Pac-12,69.0,200.0,,18.0,,,,,22.0,4,1,1,1,1,0,0,1.0,1.0,0.0,15.0,20.0,0.0,99.0,5.0,165.0,59.0,6.0,736.0,4.5,12.0,6.0,0.0,33.0,5.5,263.0,75.0,19.0,2118.0,8.1,49.0,8.0,1.0,83.0,10.4,112.0,59.0,3.0,779.0,7.0,93.0,15.0,1.0,250.0,16.7,29.0,48.0,2.0,226.0,7.8,2019,3.0,0.0,0.0,,,,,,
Justice Hill,Running Back,Oklahoma State,Big 12,70.0,198.0,4.4,21.0,40.0,130.0,,,21.0,3,1,1,1,0,0,0,,,,22.0,13.0,0.0,68.0,5.2,158.0,92.0,9.0,930.0,5.9,24.0,31.0,1.0,190.0,6.1,268.0,79.0,15.0,1467.0,5.5,22.0,5.0,0.0,46.0,9.2,206.0,38.0,6.0,1142.0,5.5,,,,,,,,,,,2019,2.0,2.0,0.0,3.0,2.0,0.0,,,
Benny Snell Jr.,Running Back,Kentucky,SEC,70.0,224.0,,,,,,,21.0,3,1,1,1,0,0,0,2.0,0.0,0.0,28.0,17.0,0.0,105.0,6.2,288.0,52.0,16.0,1434.0,5.0,22.0,10.0,0.0,72.0,7.2,262.0,71.0,19.0,1333.0,5.1,28.0,2.0,0.0,39.0,19.5,186.0,48.0,13.0,1091.0,5.9,,,,,,,,,,,2019,2.0,2.0,0.0,2.0,2.0,0.0,,,
Tony Pollard,Running Back,Memphis,American Athletic,72.0,210.0,4.52,13.0,35.0,121.0,,,22.0,3,0,1,1,1,0,0,,,,44.0,38.0,3.0,444.0,11.7,79.0,41.0,6.0,553.0,7.0,59.0,36.0,4.0,536.0,14.9,30.0,66.0,2.0,230.0,7.7,45.0,29.0,2.0,298.0,10.3,31.0,19.0,1.0,159.0,5.1,,,,,,,,,,,2019,,,,3.0,1.0,0.0,,,
Ryquell Armstead,Running Back,Temple,American Athletic,71.0,220.0,4.45,22.0,30.0,114.0,7.02,4.29,22.0,4,1,1,1,1,0,0,1.0,0.0,0.0,15.0,8.0,0.0,52.0,6.5,210.0,75.0,13.0,1098.0,5.2,12.0,14.0,0.0,75.0,5.4,156.0,56.0,5.0,604.0,3.9,19.0,5.0,0.0,41.0,8.2,156.0,76.0,14.0,919.0,5.9,4.0,2.0,0.0,7.0,3.5,51.0,16.0,2.0,191.0,3.7,2019,3.0,2.0,0.0,,,,,,
Qadree Ollison,Running Back,Pittsburgh,ACC,73.0,228.0,4.58,19.0,29.5,114.0,7.53,4.31,22.0,4,1,1,1,1,0,0,,,,16.0,11.0,0.0,66.0,6.0,194.0,97.0,11.0,1213.0,6.3,30.0,23.0,2.0,194.0,8.4,90.0,32.0,5.0,398.0,4.4,30.0,2.0,0.0,38.0,19.0,33.0,19.0,2.0,127.0,3.8,15.0,14.0,1.0,77.0,5.5,212.0,71.0,11.0,1121.0,5.3,2019,,,,,,,,,
Jordan Scarlett,Running Back,Florida,SEC,71.0,208.0,4.47,21.0,30.0,116.0,7.37,4.63,23.0,4,0,1,1,1,1,0,1.0,1.0,0.0,30.0,10.0,0.0,84.0,8.4,131.0,48.0,5.0,776.0,5.9,,,,,,,,,,,13.0,4.0,0.0,23.0,5.8,179.0,46.0,6.0,889.0,5.0,1.0,1.0,0.0,1.0,1.0,34.0,60.0,1.0,181.0,5.3,2019,,,,1.0,1.0,0.0,,,
Trayveon Williams,Running Back,Texas A&M,SEC,68.0,206.0,4.51,19.0,33.0,121.0,7.44,4.44,21.0,3,1,1,1,0,0,0,3.0,1.0,0.0,38.0,27.0,1.0,277.0,10.3,271.0,93.0,18.0,1760.0,6.5,41.0,20.0,0.0,192.0,9.6,173.0,72.0,8.0,798.0,4.6,17.0,19.0,0.0,91.0,4.8,156.0,89.0,8.0,1057.0,6.8,,,,,,,,,,,2019,1.0,1.0,0.0,3.0,2.0,0.0,,,
Ty Johnson,Running Back,Maryland,Big Ten,71.0,210.0,,,,,,,21.0,4,1,1,1,0,0,0,,,,18.0,6.0,0.0,22.0,3.7,66.0,81.0,3.0,506.0,7.7,24.0,5.0,1.0,60.0,12.0,137.0,74.0,5.0,875.0,6.4,66.0,16.0,1.0,206.0,12.9,110.0,76.0,6.0,1004.0,9.1,23.0,2.0,0.0,30.0,15.0,35.0,44.0,3.0,250.0,7.1,2019,,,,,,,,,
Dexter Williams,Running Back,Notre Dame,FBS Independents,71.0,212.0,4.57,17.0,36.0,130.0,7.0,4.16,22.0,4,1,1,1,1,0,0,2.0,0.0,0.0,22.0,16.0,1.0,133.0,8.3,158.0,97.0,12.0,995.0,6.3,8.0,2.0,1.0,13.0,6.5,39.0,66.0,4.0,360.0,9.2,7.0,4.0,0.0,16.0,4.0,39.0,59.0,3.0,200.0,5.1,,,,,,21.0,14.0,1.0,81.0,3.9,2019,,,,,,,,,
Travis Homer,Running Back,Miami,ACC,70.0,201.0,4.48,17.0,39.5,130.0,7.07,4.31,21.0,3,1,1,1,0,0,0,3.0,2.0,0.0,24.0,19.0,0.0,186.0,9.8,164.0,70.0,4.0,985.0,6.0,35.0,18.0,1.0,219.0,12.2,163.0,64.0,8.0,971.0,6.0,,,,,,7.0,17.0,0.0,44.0,6.3,,,,,,,,,,,2019,1.0,1.0,1.0,1.0,1.0,1.0,,,
Rodney Anderson,Running Back,Oklahoma,Big 12,72.0,224.0,,25.0,,,,,22.0,4,1,1,1,1,0,0,,,,,,,,,11.0,65.0,3.0,119.0,10.8,46.0,17.0,5.0,281.0,16.5,188.0,58.0,13.0,1161.0,6.2,,,,,,,,,,,,,,,,1.0,5.0,0.0,5.0,5.0,2019,,,,,,,,,
Darwin Thompson,Running Back,Utah State,Mountain West,68.0,198.0,,,,,,,22.0,1,0,0,0,1,0,0,1.0,0.0,0.0,88.0,23.0,2.0,351.0,15.3,153.0,68.0,14.0,1044.0,6.8,,,,,,,,,,,,,,,,,,,,,,,,,,,,,,,2019,,,,,,,,,
Mike Weber,Running Back,Ohio State,Big Ten,70.0,211.0,4.47,22.0,33.5,,,,22.0,3,0,1,1,1,0,0,4.0,2.0,0.0,15.0,21.0,1.0,112.0,5.3,171.0,49.0,5.0,954.0,5.6,53.0,10.0,0.0,94.0,9.4,101.0,82.0,10.0,626.0,6.2,15.0,23.0,0.0,91.0,4.0,182.0,52.0,9.0,1096.0,6.0,,,,,,,,,,,2019,2.0,1.0,0.0,4.0,2.0,0.0,,,
Cullen Gillaspia,Running Back,Texas A&M,SEC,73.0,234.0,,,,,,,24.0,3,0,0,0,1,1,1,,,,21.0,5.0,0.0,52.0,10.4,5.0,13.0,1.0,33.0,6.6,,,,,,,,,,,,,,,,,,,,,,,,,,,,,,,2019,,,,0.0,0.0,1.0,,,
Kerrith Whyte Jr.,Running Back,Florida Atlantic,Conference USA,70.0,197.0,,,,,,,22.0,3,0,1,1,1,0,0,3.0,2.0,0.0,75.0,10.0,2.0,160.0,16.0,134.0,77.0,8.0,866.0,6.5,17.0,7.0,0.0,46.0,6.6,55.0,82.0,2.0,347.0,6.3,9.0,5.0,0.0,21.0,4.2,43.0,22.0,1.0,145.0,3.4,,,,,,,,,,,2019,,,,,,,,,
Myles Gaskin,Running Back,Washington,Pac-12,69.0,205.0,4.58,24.0,35.5,118.0,7.19,4.27,22.0,4,1,1,1,1,0,0,1.0,0.0,0.0,14.0,21.0,1.0,77.0,3.7,257.0,80.0,12.0,1269.0,4.9,76.0,19.0,3.0,232.0,12.2,222.0,69.0,21.0,1380.0,6.2,24.0,19.0,1.0,137.0,7.2,237.0,68.0,10.0,1373.0,5.8,8.0,6.0,0.0,19.0,3.2,227.0,86.0,14.0,1302.0,5.7,2019,1.0,1.0,0.0,,,,,,
Clyde Edwards-Helaire,Running Back,LSU,SEC,67.0,207.0,4.6,15.0,39.5,123.0,,,21.0,3,1,1,1,0,0,0,2.0,1.0,0.0,26.0,55.0,1.0,453.0,8.2,215.0,89.0,16.0,1414.0,6.6,30.0,10.0,0.0,97.0,9.7,133.0,47.0,7.0,603.0,4.5,27.0,3.0,0.0,46.0,15.3,9.0,10.0,0.0,31.0,3.4,,,,,,,,,,,2020,,,,,,,,,
D'Andre Swift,Running Back,Georgia,SEC,68.0,212.0,4.48,,35.5,121.0,,,21.0,3,1,1,1,0,0,0,3.0,2.0,0.0,48.0,24.0,1.0,216.0,9.0,196.0,47.0,7.0,1218.0,6.2,35.0,32.0,3.0,297.0,9.3,163.0,83.0,10.0,1049.0,6.4,39.0,17.0,1.0,153.0,9.0,81.0,71.0,3.0,618.0,7.6,,,,,,,,,,,2020,,,,2.0,1.0,0.0,,,
Jonathan Taylor,Running Back,Wisconsin,Big Ten,70.0,226.0,4.39,17.0,36.0,123.0,7.01,4.24,21.0,3,1,1,1,0,0,0,6.0,5.0,0.0,36.0,26.0,5.0,252.0,9.7,320.0,72.0,21.0,2003.0,6.3,30.0,8.0,0.0,60.0,7.5,307.0,88.0,16.0,2194.0,7.1,24.0,8.0,0.0,95.0,11.9,270.0,75.0,12.0,1794.0,6.6,,,,,,,,,,,2020,4.0,4.0,0.0,7.0,6.0,0.0,,,
Cam Akers,Running Back,Florida State,ACC,70.0,217.0,4.47,20.0,35.5,122.0,,4.42,21.0,3,1,1,1,0,0,0,3.0,3.0,0.0,44.0,30.0,4.0,225.0,7.5,231.0,50.0,14.0,1144.0,5.0,25.0,23.0,2.0,145.0,6.3,161.0,85.0,6.0,706.0,4.4,19.0,16.0,1.0,116.0,7.3,194.0,63.0,7.0,1024.0,5.3,,,,,,,,,,,2020,5.0,3.0,0.0,2.0,1.0,0.0,,,
J.K. Dobbins,Running Back,Ohio State,Big Ten,70.0,209.0,,23.0,,,,,21.0,3,1,1,1,0,0,0,3.0,2.0,0.0,28.0,23.0,2.0,247.0,10.7,301.0,68.0,21.0,2003.0,6.7,35.0,26.0,2.0,263.0,10.1,229.0,42.0,10.0,1053.0,4.6,18.0,22.0,1.0,135.0,6.1,194.0,77.0,7.0,1403.0,7.2,,,,,,,,,,,2020,1.0,1.0,0.0,1.0,1.0,0.0,,,
AJ Dillon,Running Back,Boston College,ACC,72.0,247.0,4.53,23.0,41.0,131.0,7.19,,22.0,3,0,1,1,1,0,0,3.0,1.0,0.0,42.0,13.0,1.0,195.0,15.0,318.0,61.0,14.0,1685.0,5.3,15.0,8.0,1.0,41.0,5.1,227.0,74.0,10.0,1108.0,4.9,,,,,,300.0,75.0,14.0,1589.0,5.3,,,,,,,,,,,2020,1.0,0.0,0.0,4.0,1.0,0.0,,,
Ke'Shawn Vaughn,Running Back,Vanderbilt,SEC,70.0,214.0,4.51,,32.0,117.0,,,23.0,4,0,1,1,1,1,0,2.0,0.0,0.0,61.0,28.0,1.0,270.0,9.6,198.0,75.0,9.0,1028.0,5.2,75.0,13.0,2.0,170.0,13.1,157.0,78.0,12.0,1244.0,7.9,,,,,,,,,,,61.0,9.0,0.0,89.0,9.9,60.0,65.0,3.0,301.0,5.0,2020,,,,,,,3.0,0.0,0.0
Zack Moss,Running Back,Utah,Pac-12,69.0,223.0,4.65,19.0,33.0,,,4.37,22.0,4,1,1,1,1,0,0,1.0,1.0,0.0,69.0,28.0,2.0,388.0,13.9,235.0,91.0,15.0,1416.0,6.0,15.0,8.0,1.0,50.0,6.3,179.0,86.0,11.0,1092.0,6.1,25.0,29.0,0.0,243.0,8.4,214.0,58.0,10.0,1173.0,5.5,4.0,1.0,0.0,4.0,4.0,84.0,51.0,2.0,382.0,4.5,2020,3.0,1.0,0.0,1.0,1.0,0.0,2.0,2.0,0.0
Darrynton Evans,Running Back,App State,Sun Belt,70.0,203.0,4.41,20.0,37.0,125.0,,,22.0,4,1,1,1,1,0,0,1.0,0.0,0.0,58.0,21.0,5.0,198.0,9.4,255.0,87.0,18.0,1479.0,5.8,25.0,12.0,1.0,87.0,7.3,179.0,79.0,7.0,1187.0,6.6,,,,,,,,,,,23.0,6.0,0.0,34.0,5.7,48.0,25.0,0.0,217.0,4.5,2020,,,,,,,1.0,1.0,0.0
Joshua Kelley,Running Back,UCLA,Pac-12,71.0,212.0,4.49,23.0,31.0,121.0,6.95,4.28,22.0,2,0,0,1,1,0,0,1.0,0.0,0.0,14.0,11.0,1.0,71.0,6.5,229.0,54.0,12.0,1060.0,4.6,22.0,27.0,0.0,193.0,7.1,225.0,61.0,12.0,1243.0,5.5,,,,,,,,,,,,,,,,,,,,,2020,2.0,0.0,0.0,,,,,,
La'Mical Perine,Running Back,Florida,SEC,71.0,216.0,4.62,22.0,35.0,118.0,7.13,4.31,22.0,4,1,1,1,1,0,0,,,,30.0,40.0,5.0,262.0,6.6,132.0,88.0,6.0,676.0,5.1,63.0,13.0,1.0,170.0,13.1,134.0,74.0,7.0,826.0,6.2,18.0,10.0,1.0,81.0,8.1,136.0,29.0,8.0,562.0,4.1,32.0,9.0,1.0,161.0,17.9,91.0,59.0,1.0,421.0,4.6,2020,1.0,1.0,0.0,2.0,1.0,0.0,1.0,0.0,0.0
Anthony McFarland Jr.,Running Back,Maryland,Big Ten,68.0,208.0,,,,,,,22.0,2,0,0,1,1,0,0,1.0,0.0,0.0,39.0,17.0,1.0,126.0,7.4,114.0,80.0,8.0,614.0,5.4,46.0,7.0,0.0,73.0,10.4,131.0,81.0,4.0,1034.0,7.9,,,,,,,,,,,,,,,,,,,,,2020,3.0,1.0,0.0,,,,,,
DeeJay Dallas,Running Back,Miami,ACC,70.0,217.0,4.58,,33.5,119.0,7.18,4.32,21.0,3,1,1,1,0,0,0,,,,42.0,14.0,2.0,140.0,10.0,114.0,62.0,8.0,693.0,6.1,26.0,10.0,0.0,85.0,8.5,109.0,83.0,6.0,617.0,5.7,49.0,4.0,0.0,92.0,23.0,41.0,39.0,3.0,217.0,5.3,,,,,,,,,,,2020,2.0,1.0,0.0,,,,,,
Jason Huntley,Running Back,New Mexico State,FBS Independents,68.0,190.0,,,,,,,22.0,4,1,1,1,1,0,0,5.0,2.0,0.0,18.0,40.0,2.0,192.0,4.8,154.0,57.0,9.0,1090.0,7.1,60.0,47.0,3.0,471.0,10.0,109.0,40.0,7.0,505.0,4.6,61.0,39.0,2.0,363.0,9.3,70.0,50.0,1.0,420.0,6.0,10.0,8.0,0.0,35.0,4.4,40.0,17.0,1.0,167.0,4.2,2020,1.0,1.0,0.0,3.0,1.0,0.0,,,
Eno Benjamin,Running Back,Arizona State,Pac-12,69.0,207.0,4.57,12.0,39.0,122.0,6.97,4.25,21.0,3,1,1,1,0,0,0,5.0,4.0,0.0,72.0,42.0,2.0,347.0,8.3,253.0,33.0,10.0,1083.0,4.3,29.0,34.0,2.0,261.0,7.7,300.0,49.0,16.0,1642.0,5.5,13.0,5.0,0.0,15.0,3.0,23.0,21.0,1.0,142.0,6.2,,,,,,,,,,,2020,,,,,,,,,
Raymond Calais,Running Back,Louisiana,Sun Belt,68.0,188.0,4.42,20.0,37.5,120.0,,,22.0,4,1,1,1,1,0,0,2.0,1.0,0.0,34.0,10.0,1.0,67.0,6.7,117.0,83.0,6.0,886.0,7.6,45.0,6.0,0.0,69.0,11.5,81.0,92.0,7.0,754.0,9.3,9.0,1.0,0.0,9.0,9.0,15.0,31.0,1.0,88.0,5.9,,,,,,23.0,24.0,1.0,117.0,5.1,2020,,,,2.0,0.0,0.0,,,
Najee Harris,Running Back,Alabama,SEC,73.0,232.0,,,,,,,23.0,4,0,1,1,1,1,0,1.0,1.0,0.0,26.0,43.0,4.0,425.0,9.9,251.0,53.0,26.0,1466.0,5.8,42.0,27.0,7.0,304.0,11.3,209.0,31.0,13.0,1224.0,5.9,4.0,4.0,0.0,7.0,1.8,117.0,32.0,4.0,783.0,6.7,22.0,6.0,0.0,45.0,7.5,61.0,35.0,3.0,370.0,6.1,2021,1.0,0.0,0.0,,,,,,
Travis Etienne,Running Back,Clemson,ACC,70.0,215.0,4.45,18.0,33.5,128.0,,,22.0,4,1,1,1,1,0,0,4.0,3.0,0.0,46.0,48.0,2.0,588.0,12.3,168.0,72.0,14.0,914.0,5.4,53.0,37.0,4.0,432.0,11.7,207.0,90.0,19.0,1614.0,7.8,24.0,12.0,2.0,78.0,6.5,204.0,75.0,24.0,1658.0,8.1,23.0,5.0,0.0,57.0,11.4,107.0,81.0,13.0,766.0,7.2,2021,2.0,2.0,0.0,1.0,1.0,0.0,1.0,1.0,0.0
Javonte Williams,Running Back,North Carolina,ACC,70.0,212.0,4.55,22.0,36.0,123.0,6.97,4.09,21.0,3,1,1,1,0,0,0,1.0,0.0,0.0,41.0,25.0,3.0,305.0,12.2,157.0,65.0,19.0,1140.0,7.3,26.0,17.0,1.0,176.0,10.4,166.0,40.0,5.0,933.0,5.6,35.0,8.0,0.0,65.0,8.1,43.0,22.0,5.0,224.0,5.2,,,,,,,,,,,2021,3.0,2.0,0.0,,,,,,
Trey Sermon,Running Back,Ohio State,Big Ten,72.0,215.0,4.57,,37.0,125.0,6.83,4.28,22.0,4,1,1,1,1,0,0,,,,34.0,12.0,0.0,95.0,7.9,116.0,65.0,4.0,870.0,7.5,20.0,8.0,1.0,71.0,8.9,54.0,32.0,4.0,385.0,7.1,51.0,12.0,0.0,177.0,14.8,164.0,60.0,13.0,947.0,5.8,24.0,16.0,2.0,139.0,8.7,121.0,60.0,5.0,744.0,6.1,2021,,,,1.0,0.0,0.0,1.0,1.0,0.0
Michael Carter,Running Back,North Carolina,ACC,68.0,201.0,4.5,16.0,34.0,119.0,6.81,3.98,22.0,4,1,1,1,1,0,0,,,,46.0,25.0,2.0,267.0,10.7,156.0,65.0,9.0,1245.0,8.0,41.0,21.0,2.0,154.0,7.3,177.0,60.0,3.0,1003.0,5.7,31.0,25.0,1.0,135.0,5.4,84.0,49.0,2.0,597.0,7.1,24.0,11.0,1.0,100.0,9.1,97.0,56.0,8.0,558.0,5.8,2021,1.0,0.0,0.0,2.0,2.0,0.0,1.0,1.0,0.0
Kene Nwangwu,Running Back,Iowa State,Big 12,73.0,210.0,,,,,,,23.0,3,0,0,1,1,1,0,,,,11.0,3.0,0.0,22.0,7.3,61.0,49.0,4.0,339.0,5.6,8.0,1.0,0.0,8.0,8.0,16.0,19.0,0.0,115.0,7.2,11.0,2.0,0.0,11.0,5.5,39.0,24.0,0.0,157.0,4.0,,,,,,,,,,,2021,,,,1.0,0.0,0.0,,,
Rhamondre Stevenson,Running Back,Oklahoma,Big 12,72.0,231.0,4.64,15.0,31.5,112.0,7.09,4.15,23.0,2,0,0,0,1,1,0,1.0,1.0,0.0,45.0,18.0,0.0,211.0,11.7,101.0,50.0,7.0,664.0,6.6,23.0,10.0,0.0,87.0,8.7,64.0,75.0,6.0,515.0,8.0,,,,,,,,,,,,,,,,,,,,,2021,2.0,1.0,0.0,,,,,,
Chuba Hubbard,Running Back,Oklahoma State,Big 12,72.0,210.0,4.48,20.0,36.0,120.0,7.24,4.26,22.0,3,0,1,1,1,0,0,2.0,0.0,0.0,21.0,8.0,1.0,52.0,6.5,132.0,32.0,5.0,623.0,4.7,46.0,23.0,0.0,198.0,8.6,328.0,92.0,21.0,2094.0,6.4,54.0,22.0,2.0,229.0,10.4,124.0,33.0,7.0,740.0,6.0,,,,,,,,,,,2021,5.0,0.0,0.0,4.0,2.0,0.0,,,
Kenneth Gainwell,Running Back,Memphis,American Athletic,68.0,201.0,4.42,21.0,,,,,22.0,3,0,1,1,1,0,0,,,,,,,,,,,,,,68.0,51.0,3.0,610.0,12.0,231.0,75.0,13.0,1459.0,6.3,14.0,6.0,0.0,52.0,8.7,4.0,72.0,1.0,91.0,22.8,,,,,,,,,,,2021,3.0,1.0,0.0,,,,,,
Elijah Mitchell,Running Back,Louisiana,Sun Belt,70.0,201.0,4.38,17.0,37.5,128.0,6.94,4.19,23.0,4,0,1,1,1,1,0,2.0,0.0,0.0,36.0,16.0,0.0,153.0,9.6,141.0,59.0,8.0,878.0,6.2,31.0,10.0,1.0,70.0,7.0,198.0,44.0,16.0,1147.0,5.8,64.0,20.0,3.0,349.0,17.5,145.0,65.0,13.0,977.0,6.7,19.0,3.0,1.0,25.0,8.3,42.0,36.0,4.0,257.0,6.1,2021,,,,2.0,0.0,0.0,1.0,0.0,0.0
Gary Brightwell,Running Back,Arizona,Pac-12,71.0,218.0,4.62,17.0,34.5,118.0,7.51,4.48,22.0,3,0,1,1,1,0,0,5.0,3.0,0.0,15.0,13.0,0.0,58.0,4.5,86.0,34.0,1.0,386.0,4.5,38.0,4.0,1.0,59.0,14.8,66.0,94.0,5.0,390.0,5.9,9.0,2.0,0.0,9.0,4.5,91.0,72.0,3.0,530.0,5.8,,,,,,,,,,,2021,,,,3.0,1.0,0.0,,,
Larry Rountree III,Running Back,Missouri,SEC,71.0,211.0,,,,,,,22.0,4,1,1,1,1,0,0,1.0,1.0,0.0,23.0,15.0,0.0,100.0,6.7,209.0,46.0,14.0,972.0,4.7,10.0,13.0,0.0,70.0,5.4,186.0,41.0,9.0,829.0,4.5,18.0,14.0,0.0,62.0,4.4,225.0,59.0,11.0,1216.0,5.4,25.0,5.0,0.0,57.0,11.4,126.0,64.0,6.0,703.0,5.6,2021,2.0,2.0,0.0,1.0,0.0,0.0,,,
Chris Evans,Running Back,Michigan,Big Ten,71.0,211.0,4.5,20.0,40.5,127.0,6.83,4.12,23.0,4,0,1,1,1,1,0,,,,23.0,9.0,0.0,87.0,9.7,16.0,16.0,1.0,73.0,4.6,,,,,,,,,,,24.0,18.0,1.0,148.0,8.2,81.0,61.0,4.0,423.0,5.2,24.0,16.0,1.0,157.0,9.8,135.0,67.0,6.0,685.0,5.1,2021,,,,1.0,1.0,0.0,1.0,1.0,0.0
Khalil Herbert,Running Back,Virginia Tech,ACC,69.0,210.0,4.46,22.0,33.0,115.0,6.96,4.31,23.0,4,0,1,1,1,1,0,,,,46.0,10.0,1.0,179.0,17.9,155.0,76.0,8.0,1183.0,7.6,0.0,1.0,0.0,-1.0,-1.0,43.0,82.0,2.0,384.0,8.9,14.0,9.0,0.0,39.0,4.3,113.0,59.0,5.0,499.0,4.4,11.0,8.0,0.0,38.0,4.8,120.0,67.0,4.0,663.0,5.5,2021,1.0,0.0,0.0,,,,,,
Jake Funk,Running Back,Maryland,Big Ten,70.0,205.0,4.49,22.0,38.0,122.0,6.71,4.12,23.0,4,0,1,1,1,1,0,,,,20.0,10.0,1.0,68.0,6.8,60.0,52.0,3.0,511.0,8.5,12.0,4.0,0.0,16.0,4.0,17.0,54.0,2.0,173.0,10.2,4.0,1.0,0.0,4.0,4.0,2.0,0.0,0.0,-2.0,-1.0,4.0,1.0,1.0,4.0,4.0,27.0,53.0,4.0,145.0,5.4,2021,,,,1.0,0.0,0.0,1.0,1.0,0.0
Gerrid Doaks,Running Back,Cincinnati,American Athletic,72.0,230.0,4.58,19.0,39.5,120.0,7.2,4.27,23.0,4,0,1,1,1,1,0,2.0,2.0,0.0,60.0,14.0,2.0,202.0,14.4,144.0,72.0,7.0,673.0,4.7,28.0,8.0,1.0,70.0,8.8,100.0,53.0,5.0,526.0,5.3,,,,,,,,,,,29.0,14.0,1.0,135.0,9.6,87.0,57.0,2.0,513.0,5.9,2021,2.0,2.0,0.0,,,,,,
Kylin Hill,Running Back,Mississippi State,SEC,71.0,214.0,4.51,22.0,36.0,122.0,7.13,4.35,23.0,4,0,1,1,1,1,0,,,,75.0,23.0,1.0,237.0,10.3,15.0,12.0,0.0,58.0,3.9,88.0,18.0,1.0,180.0,10.0,242.0,62.0,10.0,1350.0,5.6,53.0,22.0,4.0,181.0,8.2,117.0,52.0,4.0,734.0,6.3,17.0,4.0,0.0,38.0,9.5,78.0,30.0,2.0,393.0,5.0,2021,,,,,,,1.0,0.0,0.0
Jermar Jefferson,Running Back,Oregon State,Pac-12,70.0,206.0,4.57,13.0,31.0,115.0,7.38,4.38,21.0,3,1,1,1,0,0,0,2.0,1.0,0.0,20.0,9.0,0.0,67.0,7.4,133.0,82.0,7.0,858.0,6.5,39.0,9.0,2.0,85.0,9.4,142.0,54.0,8.0,685.0,4.8,15.0,25.0,0.0,147.0,5.9,239.0,62.0,12.0,1381.0,5.8,,,,,,,,,,,2021,1.0,1.0,0.0,2.0,2.0,0.0,,,
Breece Hall,Running Back,Iowa State,Big 12,71.0,217.0,4.39,,40.0,126.0,,,21.0,3,1,1,1,0,0,0,2.0,2.0,0.0,30.0,36.0,3.0,302.0,8.4,253.0,80.0,20.0,1472.0,5.8,28.0,23.0,2.0,180.0,7.8,279.0,75.0,21.0,1573.0,5.6,61.0,23.0,1.0,252.0,11.0,186.0,75.0,9.0,897.0,4.8,,,,,,,,,,,2022,2.0,1.0,0.0,,,,,,
Ken Walker III,Running Back,Michigan State,Big Ten,69.0,211.0,,,,,,,21.0,3,1,1,1,0,0,0,1.0,1.0,0.0,17.0,13.0,1.0,89.0,6.8,263.0,94.0,18.0,1636.0,6.2,19.0,3.0,0.0,30.0,10.0,119.0,75.0,13.0,579.0,4.9,15.0,3.0,0.0,17.0,5.7,98.0,96.0,4.0,579.0,5.9,,,,,,,,,,,2022,,,,1.0,0.0,0.0,,,
James Cook,Running Back,Georgia,SEC,71.0,199.0,4.42,,33.0,124.0,,,22.0,4,1,1,1,1,0,0,,,,53.0,27.0,4.0,284.0,10.5,113.0,67.0,7.0,728.0,6.4,82.0,16.0,2.0,225.0,14.1,45.0,44.0,3.0,303.0,6.7,19.0,16.0,0.0,132.0,8.3,31.0,37.0,2.0,188.0,6.1,24.0,8.0,0.0,89.0,11.1,41.0,36.0,2.0,284.0,6.9,2022,1.0,1.0,0.0,,,,1.0,1.0,0.0
Rachaad White,Running Back,Arizona State,Pac-12,72.0,214.0,4.48,,38.0,125.0,,,23.0,2,0,0,0,1,1,0,1.0,0.0,0.0,34.0,43.0,1.0,456.0,10.6,182.0,50.0,15.0,1006.0,5.5,55.0,8.0,1.0,151.0,18.9,42.0,93.0,5.0,420.0,10.0,,,,,,,,,,,,,,,,,,,,,2022,3.0,0.0,0.0,,,,,,
Tyrion Davis-Price,Running Back,LSU,SEC,72.0,211.0,4.48,,30.0,117.0,,,21.0,3,1,1,1,0,0,0,3.0,2.0,0.0,21.0,10.0,0.0,64.0,6.4,211.0,40.0,6.0,1003.0,4.8,9.0,8.0,0.0,47.0,5.9,104.0,35.0,3.0,446.0,4.3,18.0,10.0,0.0,74.0,7.4,64.0,33.0,6.0,295.0,4.6,,,,,,,,,,,2022,1.0,0.0,0.0,,,,,,
Brian Robinson Jr.,Running Back,Alabama,SEC,74.0,225.0,,,,,,,23.0,4,0,1,1,1,1,0,1.0,1.0,0.0,51.0,35.0,2.0,296.0,8.5,271.0,63.0,14.0,1343.0,5.0,6.0,6.0,0.0,26.0,4.3,91.0,21.0,6.0,483.0,5.3,34.0,11.0,0.0,124.0,11.3,96.0,37.0,5.0,441.0,4.6,,,,,,63.0,20.0,2.0,272.0,4.3,2022,1.0,1.0,0.0,1.0,1.0,0.0,,,
Dameon Pierce,Running Back,Florida,SEC,70.0,218.0,4.59,21.0,34.5,119.0,,,22.0,4,1,1,1,1,0,0,,,,61.0,19.0,3.0,216.0,11.4,100.0,27.0,13.0,574.0,5.7,35.0,17.0,1.0,156.0,9.2,106.0,38.0,4.0,503.0,4.7,18.0,4.0,0.0,30.0,7.5,54.0,75.0,4.0,305.0,5.6,9.0,5.0,1.0,20.0,4.0,66.0,68.0,2.0,422.0,6.4,2022,,,,1.0,1.0,0.0,1.0,1.0,0.0
Zamir White,Running Back,Georgia,SEC,72.0,214.0,4.4,,33.5,128.0,,,22.0,3,0,1,1,1,0,0,1.0,0.0,0.0,15.0,9.0,0.0,75.0,8.3,160.0,42.0,11.0,856.0,5.4,10.0,6.0,0.0,37.0,6.2,144.0,75.0,11.0,779.0,5.4,15.0,2.0,0.0,20.0,10.0,78.0,29.0,3.0,408.0,5.2,,,,,,,,,,,2022,1.0,0.0,0.0,1.0,0.0,0.0,,,
Isaiah Spiller,Running Back,Texas A&M,SEC,72.0,217.0,,,30.0,114.0,,,21.0,3,1,1,1,0,0,0,2.0,0.0,0.0,19.0,25.0,1.0,189.0,7.6,179.0,67.0,6.0,1011.0,5.6,36.0,20.0,0.0,193.0,9.7,186.0,57.0,9.0,1040.0,5.6,45.0,29.0,0.0,203.0,7.0,174.0,85.0,10.0,946.0,5.4,,,,,,,,,,,2022,2.0,0.0,0.0,3.0,3.0,0.0,,,
Hassan Haskins,Running Back,Michigan,Big Ten,74.0,228.0,,27.0,,,,,22.0,3,0,1,1,1,0,0,,,,20.0,18.0,0.0,131.0,7.3,270.0,62.0,20.0,1327.0,4.9,,,,,,61.0,66.0,6.0,376.0,6.2,19.0,6.0,0.0,40.0,6.7,121.0,49.0,4.0,622.0,5.1,,,,,,,,,,,2022,,,,,,,,,
Tyler Allgeier,Running Back,BYU,FBS Independents,71.0,224.0,4.6,,33.0,120.0,,,22.0,4,1,1,1,1,0,0,4.0,1.0,0.0,46.0,28.0,0.0,199.0,7.1,276.0,67.0,23.0,1606.0,5.8,43.0,14.0,0.0,174.0,12.4,150.0,86.0,13.0,1131.0,7.5,57.0,3.0,1.0,67.0,22.3,17.0,36.0,0.0,119.0,7.0,0.0,1.0,0.0,-3.0,-3.0,9.0,44.0,0.0,49.0,5.4,2022,1.0,1.0,0.0,,,,,,
Snoop Conner,Running Back,Ole Miss,SEC,70.0,222.0,4.59,25.0,29.5,118.0,,,22.0,3,0,1,1,1,0,0,3.0,2.0,0.0,14.0,14.0,0.0,82.0,5.9,130.0,51.0,13.0,647.0,5.0,27.0,12.0,0.0,83.0,6.9,93.0,34.0,8.0,421.0,4.5,25.0,6.0,0.0,60.0,10.0,81.0,84.0,5.0,512.0,6.3,,,,,,,,,,,2022,,,,1.0,1.0,0.0,,,
Jerome Ford,Running Back,Cincinnati,American Athletic,71.0,210.0,4.46,,31.0,118.0,,,22.0,4,1,1,1,1,0,0,3.0,2.0,0.0,34.0,21.0,1.0,220.0,10.5,215.0,79.0,19.0,1319.0,6.1,15.0,8.0,0.0,51.0,6.4,73.0,79.0,8.0,483.0,6.6,9.0,2.0,0.0,11.0,5.5,24.0,37.0,3.0,114.0,4.8,,,,,,7.0,15.0,0.0,37.0,5.3,2022,3.0,1.0,0.0,1.0,1.0,0.0,,,
Kyren Williams,Running Back,Notre Dame,FBS Independents,69.0,194.0,4.65,,32.0,116.0,,,22.0,3,0,1,1,1,0,0,3.0,1.0,0.0,55.0,42.0,3.0,359.0,8.5,204.0,91.0,14.0,1002.0,4.9,75.0,35.0,1.0,313.0,8.9,211.0,65.0,13.0,1125.0,5.3,3.0,1.0,0.0,3.0,3.0,4.0,14.0,0.0,26.0,6.5,,,,,,,,,,,2022,5.0,3.0,0.0,,,,,,
Ty Chandler,Running Back,North Carolina,ACC,71.0,204.0,,,,,,,24.0,4,0,0,1,1,1,1,1.0,1.0,0.0,75.0,15.0,1.0,216.0,14.4,182.0,60.0,13.0,1092.0,6.0,18.0,16.0,0.0,111.0,6.9,100.0,21.0,4.0,456.0,4.6,12.0,13.0,0.0,63.0,4.8,135.0,53.0,3.0,655.0,4.9,42.0,19.0,3.0,183.0,9.6,115.0,81.0,4.0,630.0,5.5,2022,,,,3.0,2.0,0.0,1.0,1.0,0.0
Kevin Harris,Running Back,South Carolina,SEC,70.0,221.0,,21.0,38.5,126.0,,,21.0,3,1,1,1,0,0,0,,,,30.0,11.0,0.0,89.0,8.1,152.0,39.0,4.0,660.0,4.3,17.0,21.0,1.0,159.0,7.6,181.0,59.0,14.0,1054.0,5.8,11.0,3.0,0.0,26.0,8.7,21.0,75.0,4.0,179.0,8.5,,,,,,,,,,,2022,1.0,0.0,0.0,,,,,,
Tyler Badie,Running Back,Missouri,SEC,68.0,197.0,4.45,,33.5,121.0,,,22.0,4,1,1,1,1,0,0,,,,34.0,54.0,4.0,330.0,6.1,268.0,73.0,14.0,1604.0,6.0,54.0,28.0,2.0,333.0,11.9,48.0,46.0,4.0,242.0,5.0,74.0,32.0,5.0,356.0,11.1,108.0,49.0,3.0,457.0,4.2,25.0,12.0,0.0,130.0,10.8,88.0,32.0,2.0,436.0,5.0,2022,1.0,1.0,0.0,1.0,1.0,0.0,,,
Keaontay Ingram,Running Back,USC,Pac-12,72.0,221.0,4.53,,34.5,122.0,,,22.0,4,1,1,1,1,0,0,1.0,1.0,0.0,32.0,22.0,0.0,156.0,7.1,156.0,53.0,5.0,911.0,5.8,52.0,11.0,1.0,103.0,9.4,53.0,26.0,1.0,250.0,4.7,26.0,29.0,3.0,242.0,8.3,144.0,68.0,7.0,853.0,5.9,22.0,27.0,2.0,170.0,6.3,142.0,31.0,3.0,708.0,5.0,2022,2.0,2.0,0.0,1.0,0.0,0.0,,,
Trestan Ebner,Running Back,Baylor,Big 12,71.0,206.0,4.43,,30.0,,,,23.0,4,0,1,1,1,1,0,5.0,4.0,0.0,61.0,28.0,2.0,284.0,10.1,148.0,58.0,2.0,799.0,5.4,58.0,26.0,3.0,299.0,11.5,50.0,13.0,1.0,107.0,2.1,81.0,24.0,2.0,317.0,13.2,53.0,55.0,3.0,255.0,4.8,75.0,29.0,1.0,348.0,12.0,69.0,34.0,1.0,411.0,6.0,2022,1.0,1.0,0.0,,,,1.0,0.0,0.0
Brittain Brown,Running Back,UCLA,Pac-12,73.0,205.0,,,,,,,24.0,4,0,0,1,1,1,1,1.0,1.0,0.0,14.0,18.0,0.0,129.0,7.2,102.0,48.0,7.0,616.0,6.0,18.0,6.0,1.0,84.0,14.0,81.0,64.0,4.0,543.0,6.7,10.0,2.0,0.0,13.0,6.5,12.0,16.0,0.0,56.0,4.7,44.0,1.0,1.0,44.0,44.0,80.0,43.0,3.0,369.0,4.6,2022,,,,1.0,1.0,0.0,1.0,1.0,0.0
Isaih Pacheco,Running Back,Rutgers,Big Ten,70.0,216.0,,,,,,,23.0,4,0,1,1,1,1,0,1.0,0.0,0.0,11.0,13.0,0.0,25.0,1.9,167.0,26.0,5.0,647.0,3.9,20.0,19.0,1.0,119.0,6.3,115.0,66.0,3.0,518.0,4.5,23.0,13.0,0.0,83.0,6.4,170.0,57.0,7.0,735.0,4.3,7.0,2.0,0.0,11.0,5.5,111.0,80.0,3.0,551.0,5.0,2022,,,,,,,3.0,1.0,0.0
